,EDU,HISP,INDP_CAT,MSP,OWN_RENT,PINCP_DECILE_x,PUMA,RAC1P,SEX,PINCP_DECILE_y,percent_match
0,8,0.0,6,1,1.0,0,40-00200,1.0,1.0,7,0.0
1,6,0.0,3,1,1.0,0,40-00200,1.0,1.0,6,0.0
2,8,0.0,9,1,1.0,1,38-00100,1.0,1.0,8,0.0
3,4,0.0,7,1,1.0,1,30-00600,1.0,1.0,7,0.0
4,5,0.0,14,1,1.0,1,32-00405,1.0,1.0,8,0.0
5,10,0.0,10,1,1.0,2,28-01100,1.0,1.0,9,0.0
6,8,0.0,6,1,1.0,2,32-00405,1.0,1.0,9,0.0
7,8,0.0,10,1,1.0,2,13-04600,1.0,1.0,7,0.0
8,8,0.0,12,1,1.0,2,19-01700,1.0,1.0,8,0.0
9,9,4.0,N,1,1.0,2,06-08507,1.0,1.0,9,0.0
10,12,0.0,10,1,1.0,2,08-00803,1.0,1.0,9,0.0
11,4,0.0,15,1,1.0,2,38-00100,1.0,1.0,3,0.0
12,4,2.0,N,1,1.0,2,36-03710,1.0,1.0,3,0.0
13,5,0.0,9,1,1.0,2,30-00600,1.0,1.0,6,0.0
14,6,0.0,14,1,1.0,2,19-01700,1.0,1.0,9,0.0
15,7,0.0,14,1,1.0,2,38-00100,1.0,1.0,4,0.0
16,10,0.0,7,1,1.0,3,38-00100,1.0,1.0,8,0.0
17,10,0.0,7,1,1.0,3,51-01301,1.0,1.0,8,0.0
18,10,0.0,13,1,1.0,3,51-51255,1.0,1.0,9,0.0
19,4,0.0,3,1,1.0,3,01-01301,1.0,1.0,3,100.0
20,5,0.0,16,1,1.0,3,30-00600,1.0,1.0,9,0.0
21,6,0.0,6,1,1.0,3,30-00600,1.0,1.0,7,0.0
22,9,0.0,14,1,1.0,4,28-01100,1.0,1.0,8,0.0
23,6,0.0,4,1,1.0,4,38-00100,1.0,1.0,8,0.0
24,7,0.0,11,1,1.0,4,40-00200,1.0,1.0,6,0.0
25,7,4.0,10,1,1.0,4,32-00405,1.0,1.0,3,0.0
26,10,0.0,12,1,1.0,5,28-01100,1.0,1.0,9,0.0
27,3,0.0,3,1,1.0,5,30-00600,1.0,1.0,7,0.0
28,5,1.0,15,1,1.0,5,32-00405,1.0,1.0,3,0.0
29,10,0.0,3,1,1.0,6,38-00100,1.0,1.0,9,0.0
30,10,0.0,3,1,1.0,6,51-01301,1.0,1.0,9,0.0
31,10,0.0,3,1,1.0,6,26-02702,1.0,1.0,6,100.0
32,8,0.0,10,1,1.0,6,51-51255,1.0,1.0,9,0.0
33,9,0.0,N,1,1.0,6,29-01901,1.0,1.0,7,0.0
34,12,0.0,N,1,1.0,6,17-03529,1.0,1.0,8,0.0
35,7,0.0,12,1,1.0,6,40-00200,1.0,1.0,5,0.0
36,8,0.0,4,1,1.0,7,40-00200,1.0,1.0,9,0.0
37,8,0.0,15,1,1.0,7,40-00200,1.0,1.0,9,0.0
38,9,0.0,10,1,1.0,7,13-04600,1.0,1.0,0,0.0
39,9,0.0,15,1,1.0,7,26-02702,1.0,1.0,9,0.0
40,9,1.0,9,1,1.0,7,24-01004,1.0,1.0,9,0.0
41,9,4.0,10,1,1.0,7,51-51255,1.0,1.0,9,0.0
42,11,0.0,11,1,1.0,7,30-00600,1.0,1.0,8,0.0
43,4,0.0,12,1,1.0,7,51-01301,1.0,1.0,3,0.0
44,5,0.0,3,1,1.0,7,28-01100,1.0,1.0,7,100.0
45,5,0.0,11,1,1.0,7,24-01004,1.0,1.0,8,0.0
46,10,0.0,15,1,1.0,8,19-01700,1.0,1.0,9,0.0
47,8,0.0,10,1,1.0,8,24-01004,1.0,1.0,9,0.0
48,9,0.0,14,1,1.0,8,32-00405,1.0,1.0,9,0.0
49,9,0.0,12,1,1.0,8,13-04600,1.0,1.0,7,0.0
50,12,0.0,16,1,1.0,8,06-08507,1.0,1.0,9,0.0
51,5,0.0,10,1,1.0,8,28-01100,1.0,1.0,8,100.0
52,5,0.0,12,1,1.0,8,30-00600,1.0,1.0,8,100.0
53,6,0.0,2,1,1.0,8,38-00100,1.0,1.0,9,0.0
54,7,0.0,4,1,1.0,8,17-03529,1.0,1.0,9,0.0
55,7,0.0,4,1,1.0,8,24-01004,1.0,1.0,6,0.0
56,10,0.0,12,1,1.0,9,13-04600,1.0,1.0,8,0.0
57,10,0.0,12,1,1.0,9,26-02702,1.0,1.0,9,100.0
58,8,0.0,10,1,1.0,9,28-01100,1.0,1.0,9,100.0
59,9,0.0,7,1,1.0,9,51-01301,1.0,1.0,9,100.0
60,9,0.0,12,1,1.0,9,51-51255,1.0,1.0,6,0.0
61,11,0.0,6,1,1.0,9,24-01004,1.0,1.0,9,100.0
62,12,0.0,12,1,1.0,9,06-08507,1.0,1.0,9,100.0
63,12,0.0,4,1,1.0,9,08-00803,1.0,1.0,9,100.0
64,7,0.0,6,1,1.0,9,08-00803,1.0,1.0,3,0.0
65,7,0.0,3,1,1.0,9,13-04600,1.0,1.0,7,0.0
66,7,0.0,9,1,1.0,9,17-03529,1.0,1.0,9,100.0
67,7,0.0,10,1,1.0,9,26-02702,1.0,1.0,8,0.0
68,10,0.0,6,1,2.0,0,17-03529,1.0,1.0,9,0.0
69,11,0.0,9,1,2.0,0,28-01100,1.0,1.0,8,0.0
70,11,0.0,10,1,2.0,0,24-01004,1.0,1.0,6,0.0
71,5,0.0,N,1,2.0,0,06-07502,1.0,1.0,5,0.0
72,5,0.0,6,1,2.0,0,24-01004,1.0,1.0,0,100.0
73,9,0.0,14,1,2.0,1,51-51255,1.0,1.0,6,0.0
74,4,0.0,12,1,2.0,1,40-00200,1.0,1.0,4,0.0
75,5,0.0,3,1,2.0,2,30-00600,1.0,1.0,8,0.0
76,10,0.0,11,1,2.0,3,32-00405,1.0,1.0,9,0.0
77,10,0.0,12,1,2.0,4,29-01901,1.0,1.0,8,0.0
78,8,0.0,4,1,2.0,4,38-00100,1.0,1.0,5,0.0
79,9,0.0,15,1,2.0,4,26-02702,1.0,1.0,4,100.0
80,4,0.0,12,1,2.0,4,38-00100,1.0,1.0,6,0.0
81,7,0.0,10,1,2.0,4,06-07502,1.0,1.0,6,0.0
82,7,1.0,N,1,2.0,4,32-00405,1.0,1.0,0,0.0
83,9,0.0,11,1,2.0,5,32-00405,1.0,1.0,2,0.0
84,9,0.0,14,1,2.0,5,08-00803,1.0,1.0,1,0.0
85,5,0.0,N,1,2.0,5,29-01901,1.0,1.0,0,0.0
86,6,0.0,7,1,2.0,5,38-00100,1.0,1.0,9,0.0
87,7,0.0,11,1,2.0,5,51-51255,1.0,1.0,3,0.0
88,10,0.0,3,1,2.0,6,24-01004,1.0,1.0,7,0.0
89,3,1.0,N,1,2.0,6,32-00405,1.0,1.0,0,0.0
90,5,0.0,7,1,2.0,6,30-00600,1.0,1.0,9,0.0
91,5,0.0,10,1,2.0,6,19-01700,1.0,1.0,1,0.0
92,10,0.0,15,1,2.0,7,51-01301,1.0,1.0,8,0.0
93,10,0.0,11,1,2.0,7,17-03529,1.0,1.0,6,0.0
94,9,0.0,10,1,2.0,7,36-04010,1.0,1.0,8,0.0
95,9,0.0,14,1,2.0,7,06-08507,1.0,1.0,5,0.0
96,9,0.0,12,1,2.0,7,24-01004,1.0,1.0,6,0.0
97,11,0.0,12,1,2.0,7,24-01004,1.0,1.0,9,0.0
98,11,4.0,10,1,2.0,7,24-01004,1.0,1.0,0,0.0
99,7,0.0,4,1,2.0,7,51-01301,1.0,1.0,4,0.0
100,10,0.0,12,1,2.0,8,30-00600,1.0,1.0,8,100.0
101,11,0.0,10,1,2.0,8,51-51255,1.0,1.0,9,0.0
102,11,0.0,11,1,2.0,8,17-03529,1.0,1.0,9,0.0
103,5,0.0,12,1,2.0,8,30-00600,1.0,1.0,7,0.0
104,5,1.0,14,1,2.0,8,32-00405,1.0,1.0,5,0.0
105,7,0.0,7,1,2.0,8,51-51255,1.0,1.0,4,0.0
106,10,0.0,9,1,2.0,9,24-01004,1.0,1.0,9,100.0
107,11,0.0,10,1,2.0,9,06-07502,1.0,1.0,9,100.0
108,12,0.0,10,1,2.0,9,26-02702,1.0,1.0,9,100.0
109,7,0.0,16,1,2.0,9,30-00600,1.0,1.0,6,0.0
110,7,0.0,16,1,2.0,9,38-00100,1.0,1.0,4,0.0
111,7,0.0,10,1,2.0,9,08-00803,1.0,1.0,6,0.0
112,8,0.0,N,1,1.0,0,51-51255,2.0,1.0,8,0.0
113,12,0.0,11,1,1.0,0,51-51255,2.0,1.0,9,0.0
114,3,0.0,N,1,1.0,0,29-01901,2.0,1.0,4,0.0
115,5,0.0,4,1,1.0,0,19-01700,2.0,1.0,4,0.0
116,1,0.0,N,1,1.0,1,36-04010,2.0,1.0,3,0.0
117,7,0.0,4,1,1.0,2,28-01100,2.0,1.0,8,0.0
118,5,0.0,4,1,1.0,3,36-04010,2.0,1.0,1,0.0
119,7,0.0,10,1,1.0,3,28-01100,2.0,1.0,6,0.0
120,1,0.0,N,1,1.0,4,32-00405,2.0,1.0,3,0.0
121,11,0.0,10,1,1.0,4,51-51255,2.0,1.0,1,0.0
122,7,0.0,6,1,1.0,4,28-01100,2.0,1.0,3,0.0
123,10,0.0,12,1,1.0,5,28-01100,2.0,1.0,5,100.0
124,9,0.0,16,1,1.0,5,17-03531,2.0,1.0,8,0.0
125,4,0.0,3,1,1.0,5,28-01100,2.0,1.0,3,0.0
126,5,0.0,12,1,1.0,5,17-03531,2.0,1.0,4,0.0
127,7,0.0,6,1,1.0,5,01-01301,2.0,1.0,0,0.0
128,7,0.0,12,1,1.0,5,01-01301,2.0,1.0,8,0.0
129,7,0.0,16,1,1.0,5,28-01100,2.0,1.0,5,100.0
130,7,0.0,7,1,1.0,5,19-01700,2.0,1.0,4,0.0
131,10,0.0,10,1,1.0,6,36-04010,2.0,1.0,8,0.0
132,9,0.0,11,1,1.0,6,01-01301,2.0,1.0,6,100.0
133,7,0.0,12,1,1.0,6,29-01901,2.0,1.0,2,0.0
134,7,0.0,7,1,1.0,6,17-03529,2.0,1.0,6,100.0
135,8,0.0,11,1,1.0,7,28-01100,2.0,1.0,6,0.0
136,9,0.0,11,1,1.0,7,51-01301,2.0,1.0,7,100.0
137,9,0.0,8,1,1.0,7,51-51255,2.0,1.0,6,0.0
138,7,0.0,14,1,1.0,7,36-04010,2.0,1.0,9,0.0
139,7,0.0,6,1,1.0,7,17-03531,2.0,1.0,6,0.0
140,10,0.0,8,1,1.0,8,28-01100,2.0,1.0,9,0.0
141,10,0.0,16,1,1.0,8,17-03531,2.0,1.0,8,100.0
142,8,0.0,10,1,1.0,8,13-04600,2.0,1.0,6,0.0
143,5,0.0,16,1,1.0,8,36-04010,2.0,1.0,6,0.0
144,10,0.0,16,1,1.0,9,29-01901,2.0,1.0,7,0.0
145,10,0.0,N,1,1.0,9,17-03529,2.0,1.0,7,0.0
146,9,0.0,16,1,1.0,9,28-01100,2.0,1.0,8,0.0
147,11,0.0,12,1,1.0,9,17-03529,2.0,1.0,9,100.0
148,11,0.0,10,1,1.0,9,24-01004,2.0,1.0,9,100.0
149,12,0.0,10,1,1.0,9,51-51255,2.0,1.0,8,0.0
150,10,0.0,11,1,2.0,0,13-04600,2.0,1.0,5,0.0
151,4,0.0,N,1,2.0,0,19-01700,2.0,1.0,2,0.0
152,4,0.0,6,1,2.0,1,36-04010,2.0,1.0,5,0.0
153,7,0.0,N,1,2.0,1,36-04010,2.0,1.0,5,0.0
154,4,0.0,N,1,2.0,2,32-00405,2.0,1.0,0,0.0
155,5,0.0,12,1,2.0,2,51-01301,2.0,1.0,4,0.0
156,7,0.0,12,1,2.0,2,28-01100,2.0,1.0,5,0.0
157,7,4.0,13,1,2.0,2,36-03710,2.0,1.0,5,0.0
158,9,0.0,16,1,2.0,4,36-04010,2.0,1.0,7,0.0
159,7,0.0,10,1,2.0,4,28-01100,2.0,1.0,5,0.0
160,5,0.0,12,1,2.0,5,17-03529,2.0,1.0,6,0.0
161,4,0.0,6,1,2.0,6,32-00405,2.0,1.0,1,0.0
162,7,0.0,4,1,2.0,6,17-03529,2.0,1.0,6,100.0
163,10,0.0,11,1,2.0,7,28-01100,2.0,1.0,7,100.0
164,5,0.0,6,1,2.0,7,13-04600,2.0,1.0,6,0.0
165,9,0.0,11,1,2.0,8,17-03529,2.0,1.0,4,0.0
166,7,0.0,3,1,2.0,8,36-04010,2.0,1.0,8,100.0
167,8,0.0,14,1,2.0,9,17-03529,2.0,1.0,7,0.0
168,9,0.0,10,1,2.0,9,51-51255,2.0,1.0,5,0.0
169,11,0.0,16,1,2.0,9,51-51255,2.0,1.0,8,0.0
170,5,0.0,10,1,2.0,9,24-01004,2.0,1.0,2,0.0
171,7,0.0,6,1,1.0,0,30-00600,3.0,1.0,6,0.0
172,5,0.0,16,1,1.0,3,30-00600,3.0,1.0,0,0.0
173,7,0.0,6,1,1.0,3,40-00200,3.0,1.0,9,0.0
174,5,0.0,16,1,1.0,5,40-00200,3.0,1.0,5,100.0
175,10,0.0,N,1,1.0,7,40-00200,3.0,1.0,0,0.0
176,6,0.0,N,1,1.0,7,30-00600,3.0,1.0,3,0.0
177,4,0.0,N,1,2.0,4,40-00200,3.0,1.0,0,0.0
178,10,0.0,11,1,1.0,0,06-08507,6.0,1.0,2,0.0
179,8,0.0,N,1,1.0,0,06-08507,6.0,1.0,4,0.0
180,8,0.0,16,1,1.0,0,24-01004,6.0,1.0,5,0.0
181,9,0.0,6,1,1.0,0,24-01004,6.0,1.0,6,0.0
182,12,0.0,N,1,1.0,0,51-51255,6.0,1.0,9,0.0
183,10,0.0,10,1,1.0,5,08-00803,6.0,1.0,9,0.0
184,9,0.0,8,1,1.0,8,06-07502,6.0,1.0,9,0.0
185,9,0.0,9,1,1.0,9,24-01004,6.0,1.0,9,100.0
186,9,0.0,14,1,1.0,9,24-01004,6.0,1.0,3,0.0
187,12,0.0,11,1,1.0,9,08-00803,6.0,1.0,9,100.0
188,7,0.0,N,1,2.0,0,32-00405,6.0,1.0,2,0.0
189,10,0.0,10,1,2.0,1,06-07502,6.0,1.0,9,0.0
190,4,0.0,14,1,2.0,2,51-51255,6.0,1.0,7,0.0
191,8,0.0,4,1,2.0,4,19-01700,6.0,1.0,4,100.0
192,10,0.0,10,1,2.0,5,51-01301,6.0,1.0,6,0.0
193,10,0.0,16,1,2.0,5,51-01301,6.0,1.0,9,0.0
194,10,0.0,8,1,2.0,7,06-07502,6.0,1.0,9,0.0
195,10,0.0,10,1,2.0,7,51-51255,6.0,1.0,8,0.0
196,12,0.0,N,1,2.0,7,24-01004,6.0,1.0,0,0.0
197,10,0.0,11,1,2.0,8,17-03529,6.0,1.0,7,0.0
198,11,0.0,12,1,2.0,8,26-02702,6.0,1.0,8,100.0
199,12,0.0,N,1,2.0,8,08-00803,6.0,1.0,0,0.0
200,9,0.0,4,1,2.0,9,51-01301,6.0,1.0,4,0.0
201,9,0.0,N,1,2.0,9,06-08507,6.0,1.0,4,0.0
202,3,1.0,14,1,1.0,3,32-00405,8.0,1.0,6,0.0
203,3,2.0,N,1,2.0,3,36-03710,8.0,1.0,3,100.0
204,9,0.0,10,1,2.0,5,17-03529,8.0,1.0,0,0.0
205,3,0.0,N,1,1.0,0,40-00200,9.0,1.0,2,0.0
206,10,0.0,10,1,2.0,3,24-01004,9.0,1.0,8,0.0
207,5,0.0,N,2,0.0,0,36-03710,1.0,1.0,0,100.0
208,9,0.0,N,2,1.0,4,24-01004,1.0,1.0,3,0.0
209,9,0.0,10,2,1.0,4,24-01004,1.0,1.0,9,0.0
210,9,0.0,16,2,1.0,4,24-01004,1.0,1.0,8,0.0
211,9,0.0,N,2,1.0,7,06-07502,1.0,1.0,4,0.0
212,6,0.0,N,2,1.0,8,38-00100,1.0,1.0,1,0.0
213,9,0.0,N,2,1.0,9,28-01100,1.0,1.0,5,0.0
214,9,0.0,N,2,1.0,9,38-00100,1.0,1.0,0,0.0
215,9,0.0,N,2,2.0,3,06-07502,1.0,1.0,9,0.0
216,5,0.0,4,2,1.0,4,17-03531,2.0,1.0,3,0.0
217,5,0.0,N,3,0.0,7,40-00200,1.0,1.0,7,100.0
218,7,0.0,N,3,1.0,0,28-01100,1.0,1.0,3,0.0
219,7,0.0,6,3,1.0,1,30-00600,1.0,1.0,9,0.0
220,9,0.0,N,3,1.0,2,32-00405,1.0,1.0,5,0.0
221,11,0.0,N,3,1.0,3,24-01004,1.0,1.0,4,0.0
222,12,0.0,N,3,1.0,4,08-00803,1.0,1.0,8,0.0
223,4,0.0,N,3,1.0,4,19-01700,1.0,1.0,6,0.0
224,4,0.0,N,3,1.0,5,30-00600,1.0,1.0,5,100.0
225,9,0.0,N,3,1.0,9,51-51255,1.0,1.0,6,0.0
226,9,0.0,N,3,1.0,9,26-02702,1.0,1.0,7,0.0
227,9,0.0,N,3,2.0,3,40-00200,1.0,1.0,4,0.0
228,5,0.0,N,3,2.0,7,08-00803,1.0,1.0,6,0.0
229,4,0.0,15,3,1.0,2,28-01100,2.0,1.0,5,0.0
230,5,0.0,7,3,1.0,2,17-03531,2.0,1.0,7,0.0
231,8,0.0,N,3,1.0,5,13-04600,2.0,1.0,1,0.0
232,9,0.0,N,3,1.0,6,13-04600,2.0,1.0,7,0.0
233,3,0.0,N,3,2.0,0,01-01301,2.0,1.0,3,0.0
234,5,0.0,6,3,2.0,1,36-04010,2.0,1.0,4,0.0
235,5,0.0,14,3,2.0,3,13-04600,2.0,1.0,3,100.0
236,6,0.0,N,3,2.0,4,17-03529,2.0,1.0,2,0.0
237,8,0.0,N,3,2.0,6,13-04600,2.0,1.0,1,0.0
238,5,0.0,N,3,1.0,5,06-07502,6.0,1.0,9,0.0
239,5,0.0,N,4,0.0,1,28-01100,1.0,1.0,2,0.0
240,9,0.0,N,4,1.0,0,29-01901,1.0,1.0,4,0.0
241,5,0.0,15,4,1.0,0,30-00600,1.0,1.0,3,0.0
242,7,0.0,9,4,1.0,0,19-01700,1.0,1.0,8,0.0
243,7,0.0,11,4,1.0,1,32-00405,1.0,1.0,2,0.0
244,1,0.0,N,4,1.0,2,40-00200,1.0,1.0,2,100.0
245,12,0.0,11,4,1.0,2,08-00803,1.0,1.0,9,0.0
246,7,0.0,N,4,1.0,2,28-01100,1.0,1.0,3,0.0
247,6,0.0,9,4,1.0,3,32-00405,1.0,1.0,2,0.0
248,7,0.0,4,4,1.0,3,08-00803,1.0,1.0,5,0.0
249,8,0.0,6,4,1.0,4,30-00600,1.0,1.0,7,0.0
250,9,0.0,12,4,1.0,4,51-51255,1.0,1.0,8,0.0
251,5,0.0,6,4,1.0,4,38-00100,1.0,1.0,4,100.0
252,7,0.0,14,4,1.0,4,26-02702,1.0,1.0,4,100.0
253,9,0.0,N,4,1.0,5,30-00600,1.0,1.0,2,0.0
254,9,0.0,12,4,1.0,5,30-00600,1.0,1.0,7,0.0
255,7,0.0,12,4,1.0,5,08-00803,1.0,1.0,6,0.0
256,7,0.0,15,4,1.0,6,06-08507,1.0,1.0,2,0.0
257,10,0.0,10,4,1.0,7,06-07502,1.0,1.0,9,0.0
258,9,0.0,9,4,1.0,7,28-01100,1.0,1.0,7,100.0
259,7,0.0,15,4,1.0,7,38-00100,1.0,1.0,9,0.0
260,7,0.0,14,4,1.0,7,51-51255,1.0,1.0,7,100.0
261,10,0.0,N,4,1.0,8,08-00803,1.0,1.0,5,0.0
262,9,0.0,15,4,1.0,8,51-51255,1.0,1.0,9,0.0
263,9,0.0,4,4,1.0,8,24-01004,1.0,1.0,9,0.0
264,12,0.0,10,4,1.0,8,24-01004,1.0,1.0,8,100.0
265,10,0.0,N,4,1.0,9,24-01004,1.0,1.0,6,0.0
266,10,0.0,16,4,1.0,9,24-01004,1.0,1.0,9,100.0
267,9,0.0,11,4,1.0,9,51-51255,1.0,1.0,9,100.0
268,9,0.0,9,4,1.0,9,06-08507,1.0,1.0,9,100.0
269,12,0.0,11,4,1.0,9,51-51255,1.0,1.0,9,100.0
270,7,0.0,9,4,1.0,9,51-01301,1.0,1.0,5,0.0
271,7,0.0,3,4,1.0,9,17-03529,1.0,1.0,3,0.0
272,3,0.0,N,4,2.0,0,38-00100,1.0,1.0,3,0.0
273,5,0.0,N,4,2.0,1,28-01100,1.0,1.0,3,0.0
274,5,0.0,6,4,2.0,1,51-51255,1.0,1.0,4,0.0
275,10,0.0,N,4,2.0,3,28-01100,1.0,1.0,9,0.0
276,5,0.0,N,4,2.0,3,40-00200,1.0,1.0,4,0.0
277,7,0.0,N,4,2.0,4,29-01901,1.0,1.0,3,0.0
278,10,0.0,16,4,2.0,5,24-01004,1.0,1.0,9,0.0
279,5,0.0,14,4,2.0,5,19-01700,1.0,1.0,5,100.0
280,10,0.0,10,4,2.0,6,06-07502,1.0,1.0,9,0.0
281,10,0.0,10,4,2.0,6,24-01004,1.0,1.0,9,0.0
282,9,0.0,N,4,2.0,6,06-07502,1.0,1.0,2,0.0
283,6,0.0,N,4,2.0,6,19-01700,1.0,1.0,3,0.0
284,10,0.0,N,4,2.0,7,08-00803,1.0,1.0,4,0.0
285,9,0.0,10,4,2.0,7,51-51255,1.0,1.0,7,100.0
286,5,0.0,6,4,2.0,7,19-01700,1.0,1.0,4,0.0
287,7,0.0,10,4,2.0,7,32-00405,1.0,1.0,5,0.0
288,7,0.0,N,4,2.0,7,40-00200,1.0,1.0,0,0.0
289,9,0.0,0,4,2.0,9,30-00600,1.0,1.0,6,0.0
290,9,0.0,10,4,2.0,9,51-01301,1.0,1.0,9,100.0
291,5,0.0,7,4,2.0,9,51-51255,1.0,1.0,7,0.0
292,5,0.0,N,4,0.0,1,13-04600,2.0,1.0,2,0.0
293,5,0.0,10,4,0.0,5,29-01901,2.0,1.0,1,0.0
294,8,0.0,14,4,1.0,3,01-01301,2.0,1.0,3,100.0
295,5,0.0,4,4,1.0,4,17-03531,2.0,1.0,0,0.0
296,9,0.0,12,4,1.0,5,36-04010,2.0,1.0,5,100.0
297,9,0.0,10,4,1.0,5,13-04600,2.0,1.0,9,0.0
298,9,0.0,N,4,1.0,5,17-03531,2.0,1.0,4,0.0
299,7,0.0,14,4,1.0,5,28-01100,2.0,1.0,5,100.0
300,8,0.0,14,4,1.0,6,13-04600,2.0,1.0,6,100.0
301,8,0.0,10,4,1.0,6,17-03531,2.0,1.0,9,0.0
302,10,0.0,11,4,1.0,7,13-04600,2.0,1.0,6,0.0
303,5,0.0,10,4,1.0,7,17-03531,2.0,1.0,8,0.0
304,7,0.0,N,4,1.0,7,29-01901,2.0,1.0,2,0.0
305,8,0.0,N,4,1.0,8,36-04010,2.0,1.0,7,0.0
306,10,0.0,10,4,1.0,9,17-03529,2.0,1.0,3,0.0
307,8,0.0,12,4,1.0,9,29-01901,2.0,1.0,5,0.0
308,5,0.0,N,4,2.0,0,01-01301,2.0,1.0,8,0.0
309,5,0.0,7,4,2.0,0,17-03529,2.0,1.0,9,0.0
310,5,0.0,N,4,2.0,0,17-03529,2.0,1.0,0,100.0
311,4,0.0,N,4,2.0,2,13-04600,2.0,1.0,2,100.0
312,5,0.0,7,4,2.0,2,36-04010,2.0,1.0,4,0.0
313,8,0.0,N,4,2.0,3,13-04600,2.0,1.0,3,100.0
314,4,0.0,N,4,2.0,3,19-01700,2.0,1.0,3,100.0
315,7,0.0,10,4,2.0,6,17-03529,2.0,1.0,6,100.0
316,7,0.0,10,4,2.0,6,17-03531,2.0,1.0,2,0.0
317,10,0.0,10,4,2.0,8,17-03529,2.0,1.0,4,0.0
318,7,0.0,4,4,2.0,8,17-03529,2.0,1.0,7,0.0
319,10,0.0,16,4,2.0,9,29-01901,2.0,1.0,4,0.0
320,11,0.0,N,4,2.0,9,24-01004,2.0,1.0,3,0.0
321,6,0.0,N,4,2.0,9,19-01700,2.0,1.0,0,0.0
322,10,0.0,N,4,1.0,8,40-00200,3.0,1.0,2,0.0
323,7,0.0,N,5,2.0,4,32-00405,1.0,1.0,2,0.0
324,4,0.0,N,5,2.0,5,32-00405,1.0,1.0,3,0.0
325,5,0.0,12,5,1.0,3,17-03531,2.0,1.0,6,0.0
326,5,0.0,N,5,2.0,2,17-03531,2.0,1.0,2,100.0
327,5,0.0,6,6,0.0,0,38-00100,1.0,1.0,1,0.0
328,7,0.0,10,6,0.0,0,19-01700,1.0,1.0,0,100.0
329,10,0.0,N,6,0.0,1,17-03529,1.0,1.0,0,0.0
330,5,4.0,N,6,0.0,1,36-04010,1.0,1.0,0,0.0
331,4,1.0,N,6,0.0,2,08-00803,1.0,1.0,0,0.0
332,7,0.0,6,6,0.0,2,38-00100,1.0,1.0,2,100.0
333,7,0.0,14,6,0.0,5,13-04600,1.0,1.0,4,0.0
334,7,0.0,N,6,0.0,8,36-04010,1.0,1.0,3,0.0
335,11,0.0,6,6,1.0,0,24-01004,1.0,1.0,2,0.0
336,4,1.0,N,6,1.0,0,08-00803,1.0,1.0,0,100.0
337,7,0.0,14,6,1.0,0,19-01700,1.0,1.0,0,100.0
338,9,0.0,14,6,1.0,1,32-00405,1.0,1.0,9,0.0
339,3,0.0,N,6,1.0,1,17-03529,1.0,1.0,0,0.0
340,5,0.0,10,6,1.0,1,08-00803,1.0,1.0,1,100.0
341,7,0.0,12,6,1.0,1,29-01901,1.0,1.0,7,0.0
342,7,0.0,12,6,1.0,1,19-01700,1.0,1.0,1,100.0
343,10,0.0,10,6,1.0,2,06-07502,1.0,1.0,8,0.0
344,9,0.0,16,6,1.0,2,38-00100,1.0,1.0,9,0.0
345,5,0.0,14,6,1.0,2,51-51255,1.0,1.0,1,0.0
346,7,0.0,9,6,1.0,2,06-07502,1.0,1.0,5,0.0
347,7,0.0,4,6,1.0,2,06-08507,1.0,1.0,3,0.0
348,7,0.0,6,6,1.0,2,06-08507,1.0,1.0,0,0.0
349,10,0.0,4,6,1.0,3,06-08507,1.0,1.0,5,0.0
350,8,0.0,11,6,1.0,3,51-51255,1.0,1.0,7,0.0
351,9,0.0,11,6,1.0,3,51-51255,1.0,1.0,1,0.0
352,7,0.0,7,6,1.0,3,19-01700,1.0,1.0,9,0.0
353,10,0.0,10,6,1.0,4,13-04600,1.0,1.0,2,0.0
354,8,0.0,11,6,1.0,4,51-01301,1.0,1.0,7,0.0
355,9,0.0,11,6,1.0,4,38-00100,1.0,1.0,6,0.0
356,4,1.0,N,6,1.0,4,30-00600,1.0,1.0,0,0.0
357,5,1.0,3,6,1.0,4,32-00405,1.0,1.0,2,0.0
358,7,0.0,3,6,1.0,4,06-08507,1.0,1.0,0,0.0
359,8,0.0,4,6,1.0,5,38-00100,1.0,1.0,9,0.0
360,9,0.0,3,6,1.0,5,51-01301,1.0,1.0,4,0.0
361,7,0.0,15,6,1.0,5,08-00803,1.0,1.0,0,0.0
362,9,0.0,8,6,1.0,6,08-00803,1.0,1.0,6,100.0
363,12,0.0,10,6,1.0,6,51-01301,1.0,1.0,9,0.0
364,7,0.0,9,6,1.0,6,32-00405,1.0,1.0,3,0.0
365,10,0.0,13,6,1.0,7,28-01100,1.0,1.0,9,0.0
366,10,0.0,5,6,1.0,7,38-00100,1.0,1.0,4,0.0
367,12,0.0,11,6,1.0,7,08-00803,1.0,1.0,8,0.0
368,4,0.0,6,6,1.0,7,30-00600,1.0,1.0,2,0.0
369,7,0.0,6,6,1.0,7,51-51255,1.0,1.0,5,0.0
370,10,0.0,9,6,1.0,8,29-01901,1.0,1.0,8,100.0
371,10,0.0,15,6,1.0,8,51-01301,1.0,1.0,0,0.0
372,10,0.0,16,6,1.0,8,24-01004,1.0,1.0,7,0.0
373,9,0.0,4,6,1.0,8,17-03529,1.0,1.0,9,0.0
374,9,0.0,8,6,1.0,8,17-03529,1.0,1.0,7,0.0
375,10,0.0,14,6,1.0,9,06-07502,1.0,1.0,6,0.0
376,10,0.0,11,6,1.0,9,13-04600,1.0,1.0,8,0.0
377,9,0.0,1,6,1.0,9,30-00600,1.0,1.0,9,100.0
378,9,0.0,4,6,1.0,9,51-01301,1.0,1.0,9,100.0
379,9,0.0,7,6,1.0,9,51-01301,1.0,1.0,7,0.0
380,9,0.0,11,6,1.0,9,08-00803,1.0,1.0,4,0.0
381,9,0.0,14,6,1.0,9,08-00803,1.0,1.0,1,0.0
382,9,0.0,4,6,1.0,9,24-01004,1.0,1.0,0,0.0
383,9,4.0,10,6,1.0,9,24-01004,1.0,1.0,6,0.0
384,12,0.0,N,6,1.0,9,51-51255,1.0,1.0,7,0.0
385,12,0.0,10,6,1.0,9,24-01004,1.0,1.0,9,100.0
386,7,0.0,7,6,1.0,9,13-04600,1.0,1.0,8,0.0
387,1,1.0,N,6,2.0,0,32-00405,1.0,1.0,0,100.0
388,8,0.0,16,6,2.0,0,24-01004,1.0,1.0,7,0.0
389,11,0.0,6,6,2.0,0,51-51255,1.0,1.0,7,0.0
390,5,0.0,N,6,2.0,0,29-01901,1.0,1.0,0,100.0
391,5,0.0,6,6,2.0,0,38-00100,1.0,1.0,4,0.0
392,7,1.0,N,6,2.0,0,32-00405,1.0,1.0,2,0.0
393,1,2.0,N,6,2.0,1,36-03710,1.0,1.0,2,0.0
394,10,0.0,10,6,2.0,1,17-03529,1.0,1.0,2,0.0
395,9,0.0,3,6,2.0,1,08-00803,1.0,1.0,3,0.0
396,12,0.0,10,6,2.0,1,24-01004,1.0,1.0,9,0.0
397,7,0.0,14,6,2.0,1,17-03529,1.0,1.0,3,0.0
398,10,0.0,11,6,2.0,2,28-01100,1.0,1.0,9,0.0
399,9,0.0,14,6,2.0,2,32-00405,1.0,1.0,6,0.0
400,9,0.0,7,6,2.0,2,51-51255,1.0,1.0,8,0.0
401,9,1.0,16,6,2.0,3,40-00200,1.0,1.0,6,0.0
402,11,0.0,11,6,2.0,3,26-02702,1.0,1.0,3,100.0
403,7,0.0,10,6,2.0,3,51-51255,1.0,1.0,5,0.0
404,7,2.0,10,6,2.0,3,36-03710,1.0,1.0,5,0.0
405,1,1.0,6,6,2.0,4,36-03710,1.0,1.0,4,100.0
406,8,0.0,N,6,2.0,4,32-00405,1.0,1.0,0,0.0
407,8,0.0,N,6,2.0,4,24-01004,1.0,1.0,2,0.0
408,9,0.0,14,6,2.0,4,17-03529,1.0,1.0,1,0.0
409,4,0.0,10,6,2.0,4,38-00100,1.0,1.0,2,0.0
410,5,0.0,14,6,2.0,4,08-00803,1.0,1.0,1,0.0
411,5,0.0,6,6,2.0,4,24-01004,1.0,1.0,7,0.0
412,9,0.0,9,6,2.0,5,17-03529,1.0,1.0,2,0.0
413,9,0.0,6,6,2.0,5,19-01700,1.0,1.0,6,0.0
414,5,0.0,9,6,2.0,5,32-00405,1.0,1.0,4,0.0
415,5,0.0,3,6,2.0,5,38-00100,1.0,1.0,5,100.0
416,5,4.0,6,6,2.0,5,19-01700,1.0,1.0,5,100.0
417,6,0.0,12,6,2.0,5,30-00600,1.0,1.0,1,0.0
418,6,0.0,N,6,2.0,5,19-01700,1.0,1.0,0,0.0
419,7,0.0,3,6,2.0,5,06-08507,1.0,1.0,8,0.0
420,7,0.0,11,6,2.0,5,19-01700,1.0,1.0,1,0.0
421,10,0.0,11,6,2.0,6,51-01301,1.0,1.0,6,100.0
422,10,0.0,3,6,2.0,6,08-00803,1.0,1.0,6,100.0
423,8,0.0,14,6,2.0,6,06-07502,1.0,1.0,7,0.0
424,12,0.0,10,6,2.0,6,51-01301,1.0,1.0,9,0.0
425,4,4.0,N,6,2.0,7,30-00600,1.0,1.0,0,0.0
426,5,0.0,0,6,2.0,7,30-00600,1.0,1.0,4,0.0
427,5,0.0,6,6,2.0,7,19-01700,1.0,1.0,1,0.0
428,10,0.0,14,6,2.0,8,32-00405,1.0,1.0,3,0.0
429,9,0.0,10,6,2.0,8,30-00600,1.0,1.0,4,0.0
430,9,0.0,12,6,2.0,8,26-02702,1.0,1.0,6,0.0
431,9,4.0,9,6,2.0,8,51-01301,1.0,1.0,7,0.0
432,11,0.0,12,6,2.0,8,17-03529,1.0,1.0,5,0.0
433,6,0.0,N,6,2.0,8,38-00100,1.0,1.0,2,0.0
434,7,0.0,11,6,2.0,8,30-00600,1.0,1.0,6,0.0
435,7,0.0,3,6,2.0,8,38-00100,1.0,1.0,3,0.0
436,7,0.0,7,6,2.0,8,38-00100,1.0,1.0,9,0.0
437,9,0.0,4,6,2.0,9,51-51255,1.0,1.0,7,0.0
438,9,0.0,12,6,2.0,9,13-04600,1.0,1.0,8,0.0
439,11,0.0,6,6,2.0,9,30-00600,1.0,1.0,0,0.0
440,12,0.0,16,6,2.0,9,51-01301,1.0,1.0,8,0.0
441,7,0.0,15,6,2.0,9,51-51255,1.0,1.0,0,0.0
442,7,0.0,9,6,2.0,9,19-01700,1.0,1.0,5,0.0
443,9,0.0,N,6,0.0,0,32-00405,2.0,1.0,0,100.0
444,3,0.0,N,6,0.0,0,29-01901,2.0,1.0,0,100.0
445,5,0.0,10,6,0.0,0,32-00405,2.0,1.0,3,0.0
446,6,0.0,4,6,0.0,3,13-04600,2.0,1.0,2,0.0
447,5,0.0,N,6,0.0,4,08-00803,2.0,1.0,0,0.0
448,7,0.0,N,6,0.0,5,26-02702,2.0,1.0,1,0.0
449,8,0.0,6,6,1.0,0,29-01901,2.0,1.0,0,100.0
450,8,0.0,3,6,1.0,0,13-04600,2.0,1.0,3,0.0
451,8,0.0,10,6,1.0,0,13-04600,2.0,1.0,9,0.0
452,4,2.0,N,6,1.0,0,36-03710,2.0,1.0,0,100.0
453,6,0.0,12,6,1.0,1,17-03531,2.0,1.0,1,100.0
454,7,0.0,15,6,1.0,1,36-04010,2.0,1.0,3,0.0
455,10,0.0,16,6,1.0,2,17-03529,2.0,1.0,7,0.0
456,9,0.0,10,6,1.0,2,17-03529,2.0,1.0,6,0.0
457,7,0.0,7,6,1.0,2,29-01901,2.0,1.0,8,0.0
458,8,0.0,6,6,1.0,3,28-01100,2.0,1.0,2,0.0
459,9,0.0,16,6,1.0,3,19-01700,2.0,1.0,8,0.0
460,6,0.0,14,6,1.0,3,13-04600,2.0,1.0,4,0.0
461,5,0.0,15,6,1.0,4,17-03529,2.0,1.0,5,0.0
462,7,0.0,14,6,1.0,4,13-04600,2.0,1.0,5,0.0
463,8,0.0,N,6,1.0,5,36-04010,2.0,1.0,0,0.0
464,9,0.0,6,6,1.0,5,01-01301,2.0,1.0,7,0.0
465,9,0.0,N,6,1.0,5,01-01301,2.0,1.0,5,100.0
466,9,0.0,13,6,1.0,5,29-01901,2.0,1.0,7,0.0
467,9,0.0,11,6,1.0,5,17-03529,2.0,1.0,6,0.0
468,9,0.0,11,6,1.0,5,26-02702,2.0,1.0,7,0.0
469,5,0.0,3,6,1.0,5,26-02702,2.0,1.0,1,0.0
470,7,0.0,10,6,1.0,5,51-51255,2.0,1.0,9,0.0
471,7,0.0,6,6,1.0,5,13-04600,2.0,1.0,4,0.0
472,9,0.0,7,6,1.0,6,36-04010,2.0,1.0,7,0.0
473,9,0.0,7,6,1.0,6,13-04600,2.0,1.0,8,0.0
474,4,0.0,N,6,1.0,6,32-00405,2.0,1.0,0,0.0
475,5,0.0,15,6,1.0,6,36-04010,2.0,1.0,5,0.0
476,5,0.0,9,6,1.0,6,17-03529,2.0,1.0,3,0.0
477,10,0.0,15,6,1.0,7,36-04010,2.0,1.0,9,0.0
478,8,0.0,4,6,1.0,7,19-01700,2.0,1.0,2,0.0
479,7,0.0,5,6,1.0,7,29-01901,2.0,1.0,7,100.0
480,7,0.0,4,6,1.0,8,28-01100,2.0,1.0,7,0.0
481,10,0.0,11,6,1.0,9,28-01100,2.0,1.0,8,0.0
482,10,0.0,10,6,1.0,9,36-04010,2.0,1.0,5,0.0
483,8,0.0,3,6,1.0,9,36-04010,2.0,1.0,7,0.0
484,5,0.0,14,6,1.0,9,17-03529,2.0,1.0,1,0.0
485,10,0.0,7,6,2.0,0,17-03529,2.0,1.0,4,0.0
486,9,0.0,N,6,2.0,0,06-07502,2.0,1.0,0,100.0
487,9,0.0,6,6,2.0,0,51-51255,2.0,1.0,3,0.0
488,3,0.0,N,6,2.0,0,29-01901,2.0,1.0,0,100.0
489,5,0.0,N,6,2.0,0,32-00405,2.0,1.0,2,0.0
490,7,0.0,14,6,2.0,0,40-00200,2.0,1.0,4,0.0
491,10,0.0,N,6,2.0,1,51-01301,2.0,1.0,1,100.0
492,5,0.0,N,6,2.0,1,40-00200,2.0,1.0,0,0.0
493,7,0.0,14,6,2.0,1,32-00405,2.0,1.0,3,0.0
494,7,0.0,15,6,2.0,1,36-04010,2.0,1.0,5,0.0
495,7,0.0,10,6,2.0,1,13-04600,2.0,1.0,4,0.0
496,7,0.0,14,6,2.0,1,17-03531,2.0,1.0,1,100.0
497,9,0.0,11,6,2.0,2,36-04010,2.0,1.0,8,0.0
498,9,0.0,14,6,2.0,2,13-04600,2.0,1.0,2,100.0
499,3,0.0,N,6,2.0,2,01-01301,2.0,1.0,0,0.0
500,4,0.0,14,6,2.0,2,01-01301,2.0,1.0,2,100.0
501,4,0.0,13,6,2.0,2,17-03529,2.0,1.0,1,0.0
502,5,0.0,14,6,2.0,2,29-01901,2.0,1.0,2,100.0
503,7,0.0,11,6,2.0,2,01-01301,2.0,1.0,1,0.0
504,7,0.0,12,6,2.0,2,17-03531,2.0,1.0,3,0.0
505,1,0.0,N,6,2.0,3,13-04600,2.0,1.0,3,100.0
506,5,0.0,N,6,2.0,3,51-51255,2.0,1.0,2,0.0
507,7,0.0,11,6,2.0,3,26-02702,2.0,1.0,2,0.0
508,10,0.0,10,6,2.0,4,29-01901,2.0,1.0,6,0.0
509,8,0.0,N,6,2.0,4,17-03531,2.0,1.0,0,0.0
510,9,0.0,6,6,2.0,4,28-01100,2.0,1.0,5,0.0
511,9,0.0,10,6,2.0,4,36-04010,2.0,1.0,4,100.0
512,7,0.0,9,6,2.0,4,19-01700,2.0,1.0,5,0.0
513,9,0.0,6,6,2.0,5,51-01301,2.0,1.0,6,0.0
514,5,0.0,12,6,2.0,5,36-04010,2.0,1.0,3,0.0
515,7,0.0,6,6,2.0,5,01-01301,2.0,1.0,6,0.0
516,7,0.0,7,6,2.0,5,13-04600,2.0,1.0,3,0.0
517,10,0.0,10,6,2.0,6,17-03529,2.0,1.0,2,0.0
518,5,0.0,13,6,2.0,6,17-03529,2.0,1.0,0,0.0
519,7,0.0,12,6,2.0,6,28-01100,2.0,1.0,5,0.0
520,7,0.0,12,6,2.0,6,13-04600,2.0,1.0,4,0.0
521,9,0.0,4,6,2.0,7,28-01100,2.0,1.0,6,0.0
522,5,0.0,14,6,2.0,7,17-03531,2.0,1.0,4,0.0
523,7,0.0,16,6,2.0,8,36-04010,2.0,1.0,5,0.0
524,7,0.0,16,6,2.0,8,51-51255,2.0,1.0,7,0.0
525,9,0.0,15,6,2.0,9,29-01901,2.0,1.0,2,0.0
526,9,0.0,4,6,2.0,9,17-03529,2.0,1.0,5,0.0
527,11,0.0,10,6,2.0,9,51-51255,2.0,1.0,9,100.0
528,5,0.0,10,6,2.0,9,28-01100,2.0,1.0,6,0.0
529,7,0.0,6,6,2.0,9,29-01901,2.0,1.0,1,0.0
530,3,0.0,N,6,1.0,0,40-00200,3.0,1.0,0,100.0
531,4,0.0,15,6,1.0,2,40-00200,3.0,1.0,1,0.0
532,3,0.0,N,6,1.0,4,38-00100,3.0,1.0,0,0.0
533,5,0.0,N,6,2.0,1,30-00600,3.0,1.0,1,100.0
534,4,0.0,14,6,2.0,2,30-00600,3.0,1.0,1,0.0
535,4,0.0,3,6,2.0,5,38-00100,3.0,1.0,3,0.0
536,7,0.0,10,6,0.0,0,08-00803,6.0,1.0,1,0.0
537,10,0.0,N,6,1.0,0,51-51255,6.0,1.0,6,0.0
538,9,0.0,6,6,1.0,1,24-01004,6.0,1.0,1,100.0
539,7,0.0,N,6,1.0,1,29-01901,6.0,1.0,0,0.0
540,7,0.0,N,6,1.0,2,32-00405,6.0,1.0,0,0.0
541,7,0.0,N,6,1.0,4,06-07502,6.0,1.0,0,0.0
542,11,0.0,10,6,1.0,7,24-01004,6.0,1.0,7,100.0
543,10,0.0,10,6,1.0,8,06-08507,6.0,1.0,9,0.0
544,7,0.0,7,6,1.0,8,51-51255,6.0,1.0,8,100.0
545,9,0.0,9,6,1.0,9,06-08507,6.0,1.0,1,0.0
546,9,0.0,9,6,1.0,9,24-01004,6.0,1.0,1,0.0
547,9,0.0,10,6,1.0,9,24-01004,6.0,1.0,6,0.0
548,7,0.0,9,6,2.0,1,24-01004,6.0,1.0,8,0.0
549,10,0.0,9,6,2.0,2,06-07502,6.0,1.0,9,0.0
550,10,0.0,10,6,2.0,2,24-01004,6.0,1.0,6,0.0
551,9,0.0,14,6,2.0,3,51-51255,6.0,1.0,2,0.0
552,9,0.0,N,6,2.0,3,26-02702,6.0,1.0,0,0.0
553,7,0.0,6,6,2.0,5,06-07502,6.0,1.0,6,0.0
554,10,0.0,16,6,2.0,8,51-51255,6.0,1.0,5,0.0
555,9,0.0,6,6,2.0,8,06-07502,6.0,1.0,1,0.0
556,9,0.0,10,6,2.0,8,26-02702,6.0,1.0,2,0.0
557,7,0.0,N,6,2.0,8,08-00803,6.0,1.0,0,0.0
558,9,0.0,N,6,2.0,9,06-07502,6.0,1.0,0,0.0
559,9,0.0,12,6,2.0,9,06-07502,6.0,1.0,6,0.0
560,9,0.0,10,6,2.0,9,24-01004,6.0,1.0,6,0.0
561,7,4.0,N,6,1.0,0,32-00405,8.0,1.0,0,100.0
562,5,1.0,6,6,1.0,5,32-00405,8.0,1.0,1,0.0
563,5,1.0,6,6,2.0,5,32-00405,8.0,1.0,3,0.0
564,4,1.0,N,6,1.0,0,19-01700,9.0,1.0,3,0.0
565,5,0.0,N,6,2.0,9,32-00405,9.0,1.0,0,0.0
566,N,0.0,N,N,1.0,N,17-03529,1.0,1.0,N,100.0
567,N,1.0,N,N,1.0,N,51-51255,1.0,1.0,N,100.0
568,2,1.0,N,N,1.0,N,19-01700,1.0,1.0,N,100.0
569,2,4.0,N,N,1.0,N,24-01004,1.0,1.0,N,100.0
570,3,1.0,N,N,1.0,N,19-01700,1.0,1.0,N,100.0
571,1,0.0,N,N,2.0,N,32-00405,1.0,1.0,N,100.0
572,1,1.0,N,N,2.0,N,38-00100,1.0,1.0,N,100.0
573,1,4.0,N,N,2.0,N,51-51255,1.0,1.0,N,100.0
574,N,0.0,N,N,2.0,N,32-00405,1.0,1.0,N,100.0
575,N,1.0,N,N,2.0,N,01-01301,1.0,1.0,N,100.0
576,N,4.0,N,N,2.0,N,36-03710,1.0,1.0,N,100.0
577,2,0.0,N,N,2.0,N,06-07502,1.0,1.0,N,100.0
578,3,1.0,N,N,2.0,N,36-03710,1.0,1.0,N,100.0
579,4,1.0,N,N,2.0,N,32-00405,1.0,1.0,N,100.0
580,3,0.0,N,N,0.0,N,17-03529,2.0,1.0,N,100.0
581,2,0.0,N,N,1.0,N,13-04600,2.0,1.0,N,100.0
582,3,4.0,N,N,2.0,N,13-04600,2.0,1.0,N,100.0
583,N,0.0,N,N,1.0,N,30-00600,3.0,1.0,N,100.0
584,2,0.0,N,N,1.0,N,24-01004,6.0,1.0,N,100.0
585,1,0.0,N,N,2.0,N,17-03529,6.0,1.0,N,100.0
586,N,0.0,N,N,2.0,N,06-07502,6.0,1.0,N,100.0
587,3,0.0,N,N,2.0,N,08-00803,6.0,1.0,N,100.0
588,N,1.0,N,N,1.0,N,19-01700,8.0,1.0,N,100.0
589,1,0.0,N,N,1.0,N,17-03529,9.0,1.0,N,100.0
590,N,0.0,N,N,1.0,N,17-03529,9.0,1.0,N,100.0
591,2,0.0,N,N,1.0,N,36-03710,9.0,1.0,N,100.0
592,2,0.0,N,N,1.0,N,51-01301,9.0,1.0,N,100.0
593,2,0.0,N,N,1.0,N,17-03529,9.0,1.0,N,100.0
594,3,0.0,N,N,1.0,N,06-07502,9.0,1.0,N,100.0
595,1,0.0,N,N,2.0,N,38-00100,9.0,1.0,N,100.0
596,2,0.0,N,N,2.0,N,24-01004,9.0,1.0,N,100.0
597,3,0.0,N,N,2.0,N,36-03710,9.0,1.0,N,100.0
598,3,0.0,N,N,2.0,N,40-00200,9.0,1.0,N,100.0
599,10,0.0,14,1,1.0,0,06-08507,1.0,2.0,9,0.0
600,8,0.0,16,1,1.0,0,06-08507,1.0,2.0,7,0.0
601,8,1.0,6,1,1.0,0,30-00600,1.0,2.0,7,0.0
602,8,1.0,N,1,1.0,0,32-00405,1.0,2.0,0,100.0
603,12,0.0,14,1,1.0,0,51-51255,1.0,2.0,1,0.0
604,3,1.0,N,1,1.0,0,32-00405,1.0,2.0,0,100.0
605,4,0.0,12,1,1.0,0,40-00200,1.0,2.0,2,0.0
606,4,0.0,4,1,1.0,0,19-01700,1.0,2.0,0,100.0
607,11,0.0,12,1,1.0,1,51-01301,1.0,2.0,7,0.0
608,11,0.0,15,1,1.0,1,26-02702,1.0,2.0,7,0.0
609,6,0.0,9,1,1.0,1,38-00100,1.0,2.0,2,0.0
610,10,0.0,0,1,1.0,2,40-00200,1.0,2.0,6,0.0
611,10,0.0,14,1,1.0,2,51-51255,1.0,2.0,9,0.0
612,8,0.0,14,1,1.0,2,19-01700,1.0,2.0,3,0.0
613,5,0.0,11,1,1.0,2,28-01100,1.0,2.0,2,100.0
614,9,0.0,9,1,1.0,3,08-00803,1.0,2.0,9,0.0
615,9,4.0,11,1,1.0,3,24-01004,1.0,2.0,2,0.0
616,5,0.0,16,1,1.0,3,19-01700,1.0,2.0,4,0.0
617,6,0.0,10,1,1.0,3,30-00600,1.0,2.0,0,0.0
618,6,0.0,12,1,1.0,3,38-00100,1.0,2.0,3,100.0
619,7,0.0,6,1,1.0,3,08-00803,1.0,2.0,0,0.0
620,9,0.0,15,1,1.0,4,06-08507,1.0,2.0,0,0.0
621,7,0.0,11,1,1.0,4,29-01901,1.0,2.0,4,100.0
622,7,0.0,14,1,1.0,4,06-08507,1.0,2.0,9,0.0
623,7,0.0,14,1,1.0,4,19-01700,1.0,2.0,5,0.0
624,10,0.0,8,1,1.0,5,08-00803,1.0,2.0,5,100.0
625,11,0.0,N,1,1.0,5,06-07502,1.0,2.0,0,0.0
626,5,0.0,4,1,1.0,5,19-01700,1.0,2.0,4,0.0
627,7,0.0,7,1,1.0,5,19-01700,1.0,2.0,5,100.0
628,10,0.0,14,1,1.0,6,38-00100,1.0,2.0,7,0.0
629,8,0.0,7,1,1.0,6,30-00600,1.0,2.0,7,0.0
630,9,0.0,6,1,1.0,6,28-01100,1.0,2.0,1,0.0
631,9,0.0,11,1,1.0,6,13-04600,1.0,2.0,7,0.0
632,12,4.0,11,1,1.0,6,17-03529,1.0,2.0,7,0.0
633,6,0.0,4,1,1.0,6,32-00405,1.0,2.0,9,0.0
634,7,0.0,11,1,1.0,6,40-00200,1.0,2.0,5,0.0
635,7,0.0,16,1,1.0,6,19-01700,1.0,2.0,0,0.0
636,10,0.0,3,1,1.0,7,30-00600,1.0,2.0,5,0.0
637,12,0.0,N,1,1.0,7,17-03529,1.0,2.0,8,0.0
638,5,0.0,13,1,1.0,7,19-01700,1.0,2.0,5,0.0
639,11,0.0,10,1,1.0,8,17-03529,1.0,2.0,9,0.0
640,5,0.0,1,1,1.0,8,38-00100,1.0,2.0,6,0.0
641,5,0.0,16,1,1.0,8,40-00200,1.0,2.0,0,0.0
642,8,0.0,12,1,1.0,9,28-01100,1.0,2.0,6,0.0
643,9,0.0,1,1,1.0,9,30-00600,1.0,2.0,8,0.0
644,9,0.0,3,1,1.0,9,51-51255,1.0,2.0,7,0.0
645,9,0.0,5,1,1.0,9,06-08507,1.0,2.0,9,100.0
646,9,1.0,11,1,1.0,9,24-01004,1.0,2.0,7,0.0
647,11,0.0,10,1,1.0,9,06-07502,1.0,2.0,9,100.0
648,11,0.0,6,1,1.0,9,24-01004,1.0,2.0,5,0.0
649,5,0.0,14,1,1.0,9,51-51255,1.0,2.0,5,0.0
650,5,4.0,14,1,1.0,9,51-51255,1.0,2.0,1,0.0
651,7,0.0,15,1,1.0,9,32-00405,1.0,2.0,6,0.0
652,10,0.0,14,1,2.0,0,24-01004,1.0,2.0,2,0.0
653,9,0.0,15,1,2.0,0,51-51255,1.0,2.0,7,0.0
654,9,0.0,8,1,2.0,0,24-01004,1.0,2.0,2,0.0
655,9,4.0,N,1,2.0,0,24-01004,1.0,2.0,0,100.0
656,3,1.0,N,1,2.0,0,08-00803,1.0,2.0,0,100.0
657,5,0.0,6,1,2.0,0,51-01301,1.0,2.0,2,0.0
658,10,0.0,6,1,2.0,1,06-07502,1.0,2.0,7,0.0
659,11,0.0,11,1,2.0,1,24-01004,1.0,2.0,9,0.0
660,7,0.0,10,1,2.0,1,30-00600,1.0,2.0,2,0.0
661,7,0.0,12,1,2.0,1,19-01700,1.0,2.0,7,0.0
662,8,0.0,12,1,2.0,2,30-00600,1.0,2.0,5,0.0
663,8,0.0,3,1,2.0,2,38-00100,1.0,2.0,4,0.0
664,9,0.0,11,1,2.0,2,36-04010,1.0,2.0,6,0.0
665,9,1.0,11,1,2.0,2,06-08507,1.0,2.0,0,0.0
666,9,4.0,11,1,2.0,2,06-08507,1.0,2.0,8,0.0
667,3,1.0,N,1,2.0,2,38-00100,1.0,2.0,2,100.0
668,6,0.0,N,1,2.0,2,40-00200,1.0,2.0,0,0.0
669,7,0.0,14,1,2.0,2,51-51255,1.0,2.0,7,0.0
670,7,0.0,12,1,2.0,2,06-08507,1.0,2.0,7,0.0
671,7,0.0,N,1,2.0,2,08-00803,1.0,2.0,2,100.0
672,10,0.0,15,1,2.0,3,24-01004,1.0,2.0,8,0.0
673,9,0.0,9,1,2.0,3,06-07502,1.0,2.0,7,0.0
674,9,0.0,14,1,2.0,3,24-01004,1.0,2.0,5,0.0
675,5,0.0,13,1,2.0,3,51-51255,1.0,2.0,1,0.0
676,5,0.0,13,1,2.0,4,38-00100,1.0,2.0,4,100.0
677,9,0.0,6,1,2.0,5,32-00405,1.0,2.0,4,0.0
678,9,0.0,6,1,2.0,5,08-00803,1.0,2.0,6,0.0
679,9,0.0,9,1,2.0,6,51-51255,1.0,2.0,5,0.0
680,9,1.0,10,1,2.0,6,19-01700,1.0,2.0,8,0.0
681,11,0.0,10,1,2.0,6,24-01004,1.0,2.0,6,100.0
682,5,0.0,12,1,2.0,6,28-01100,1.0,2.0,8,0.0
683,10,0.0,9,1,2.0,7,51-01301,1.0,2.0,9,0.0
684,9,0.0,11,1,2.0,7,28-01100,1.0,2.0,8,0.0
685,9,0.0,15,1,2.0,7,24-01004,1.0,2.0,7,100.0
686,12,0.0,16,1,2.0,7,51-01301,1.0,2.0,9,0.0
687,12,0.0,N,1,2.0,7,24-01004,1.0,2.0,0,0.0
688,4,0.0,14,1,2.0,7,30-00600,1.0,2.0,0,0.0
689,4,0.0,N,1,2.0,7,26-02702,1.0,2.0,0,0.0
690,5,0.0,6,1,2.0,7,51-51255,1.0,2.0,0,0.0
691,5,0.0,12,1,2.0,7,19-01700,1.0,2.0,8,0.0
692,7,0.0,12,1,2.0,7,17-03529,1.0,2.0,5,0.0
693,10,0.0,N,1,2.0,8,51-01301,1.0,2.0,0,0.0
694,10,0.0,11,1,2.0,8,17-03529,1.0,2.0,4,0.0
695,9,0.0,12,1,2.0,8,40-00200,1.0,2.0,7,0.0
696,9,0.0,14,1,2.0,8,08-00803,1.0,2.0,4,0.0
697,9,0.0,11,1,2.0,8,26-02702,1.0,2.0,0,0.0
698,9,1.0,N,1,2.0,8,06-07502,1.0,2.0,0,0.0
699,11,0.0,16,1,2.0,8,26-02702,1.0,2.0,8,100.0
700,12,0.0,N,1,2.0,8,26-02702,1.0,2.0,0,0.0
701,12,0.0,11,1,2.0,8,26-02702,1.0,2.0,8,100.0
702,5,0.0,11,1,2.0,8,30-00600,1.0,2.0,0,0.0
703,7,0.0,9,1,2.0,8,38-00100,1.0,2.0,5,0.0
704,8,0.0,10,1,2.0,9,51-51255,1.0,2.0,6,0.0
705,9,0.0,8,1,2.0,9,51-01301,1.0,2.0,8,0.0
706,9,0.0,4,1,2.0,9,08-00803,1.0,2.0,9,100.0
707,11,0.0,10,1,2.0,9,06-07502,1.0,2.0,4,0.0
708,11,0.0,12,1,2.0,9,06-08507,1.0,2.0,2,0.0
709,7,0.0,16,1,2.0,9,38-00100,1.0,2.0,4,0.0
710,4,0.0,N,1,1.0,0,32-00405,2.0,2.0,3,0.0
711,7,0.0,9,1,1.0,0,28-01100,2.0,2.0,5,0.0
712,8,0.0,N,1,1.0,1,29-01901,2.0,2.0,3,0.0
713,11,0.0,16,1,1.0,1,17-03529,2.0,2.0,9,0.0
714,9,0.0,11,1,1.0,2,28-01100,2.0,2.0,9,0.0
715,9,0.0,12,1,1.0,2,51-01301,2.0,2.0,8,0.0
716,8,0.0,N,1,1.0,3,17-03529,2.0,2.0,3,100.0
717,9,0.0,13,1,1.0,3,28-01100,2.0,2.0,4,0.0
718,1,0.0,N,1,1.0,4,29-01901,2.0,2.0,0,0.0
719,10,0.0,15,1,1.0,4,17-03531,2.0,2.0,3,0.0
720,8,0.0,6,1,1.0,4,28-01100,2.0,2.0,6,0.0
721,4,0.0,14,1,1.0,4,32-00405,2.0,2.0,4,100.0
722,4,0.0,N,1,1.0,4,19-01700,2.0,2.0,5,0.0
723,5,0.0,15,1,1.0,4,40-00200,2.0,2.0,5,0.0
724,5,0.0,13,1,1.0,4,17-03529,2.0,2.0,4,100.0
725,10,0.0,10,1,1.0,5,17-03529,2.0,2.0,0,0.0
726,8,0.0,9,1,1.0,5,28-01100,2.0,2.0,8,0.0
727,7,0.0,13,1,1.0,5,36-04010,2.0,2.0,5,100.0
728,9,0.0,N,1,1.0,6,29-01901,2.0,2.0,2,0.0
729,10,0.0,16,1,1.0,7,29-01901,2.0,2.0,3,0.0
730,5,0.0,13,1,1.0,7,17-03531,2.0,2.0,2,0.0
731,10,0.0,11,1,1.0,8,51-51255,2.0,2.0,7,0.0
732,9,0.0,15,1,1.0,8,36-04010,2.0,2.0,0,0.0
733,7,0.0,9,1,1.0,8,36-03710,2.0,2.0,0,0.0
734,7,0.0,7,1,1.0,8,36-04010,2.0,2.0,3,0.0
735,7,0.0,16,1,1.0,8,17-03531,2.0,2.0,4,0.0
736,10,0.0,12,1,1.0,9,28-01100,2.0,2.0,7,0.0
737,7,0.0,16,1,1.0,9,29-01901,2.0,2.0,6,0.0
738,3,0.0,N,1,2.0,0,01-01301,2.0,2.0,0,100.0
739,3,0.0,N,1,2.0,0,51-51255,2.0,2.0,0,100.0
740,4,4.0,N,1,2.0,0,36-03710,2.0,2.0,3,0.0
741,5,0.0,6,1,2.0,0,01-01301,2.0,2.0,2,0.0
742,7,0.0,6,1,2.0,0,01-01301,2.0,2.0,5,0.0
743,8,0.0,14,1,2.0,2,28-01100,2.0,2.0,4,0.0
744,9,0.0,10,1,2.0,3,36-04010,2.0,2.0,5,0.0
745,3,0.0,N,1,2.0,3,36-04010,2.0,2.0,0,0.0
746,5,0.0,4,1,2.0,3,17-03531,2.0,2.0,7,0.0
747,9,0.0,11,1,2.0,4,36-04010,2.0,2.0,7,0.0
748,11,0.0,12,1,2.0,4,17-03529,2.0,2.0,9,0.0
749,4,0.0,N,1,2.0,4,19-01700,2.0,2.0,3,0.0
750,5,0.0,6,1,2.0,4,13-04600,2.0,2.0,0,0.0
751,5,0.0,10,1,2.0,4,13-04600,2.0,2.0,1,0.0
752,5,0.0,6,1,2.0,4,19-01700,2.0,2.0,1,0.0
753,10,0.0,16,1,2.0,5,51-51255,2.0,2.0,8,0.0
754,8,0.0,12,1,2.0,5,17-03529,2.0,2.0,5,100.0
755,5,0.0,7,1,2.0,5,17-03529,2.0,2.0,6,0.0
756,7,0.0,N,1,2.0,5,17-03531,2.0,2.0,2,0.0
757,9,0.0,9,1,2.0,6,17-03529,2.0,2.0,5,0.0
758,9,0.0,9,1,2.0,6,24-01004,2.0,2.0,7,0.0
759,12,0.0,12,1,2.0,6,24-01004,2.0,2.0,0,0.0
760,5,0.0,6,1,2.0,6,51-51255,2.0,2.0,0,0.0
761,7,0.0,16,1,2.0,6,17-03529,2.0,2.0,7,0.0
762,5,0.0,12,1,2.0,7,51-51255,2.0,2.0,1,0.0
763,7,0.0,8,1,2.0,7,28-01100,2.0,2.0,7,100.0
764,7,0.0,14,1,2.0,7,13-04600,2.0,2.0,2,0.0
765,8,0.0,12,1,2.0,8,36-04010,2.0,2.0,2,0.0
766,5,0.0,N,1,2.0,8,19-01700,2.0,2.0,0,0.0
767,10,0.0,10,1,2.0,9,17-03529,2.0,2.0,6,0.0
768,8,0.0,10,1,2.0,9,13-04600,2.0,2.0,6,0.0
769,9,0.0,11,1,2.0,9,28-01100,2.0,2.0,8,0.0
770,9,0.0,11,1,2.0,9,13-04600,2.0,2.0,4,0.0
771,9,0.0,4,1,2.0,9,17-03529,2.0,2.0,7,0.0
772,9,0.0,10,1,2.0,9,17-03529,2.0,2.0,8,0.0
773,11,0.0,16,1,2.0,9,51-51255,2.0,2.0,9,100.0
774,7,0.0,16,1,2.0,9,36-04010,2.0,2.0,5,0.0
775,9,0.0,11,1,1.0,0,30-00600,3.0,2.0,8,0.0
776,10,0.0,16,1,1.0,5,30-00600,3.0,2.0,6,0.0
777,6,0.0,N,1,1.0,8,38-00100,3.0,2.0,0,0.0
778,5,0.0,16,1,1.0,9,30-00600,3.0,2.0,5,0.0
779,4,0.0,12,1,2.0,0,38-00100,3.0,2.0,2,0.0
780,7,0.0,12,1,2.0,6,40-00200,3.0,2.0,5,0.0
781,10,0.0,11,1,1.0,0,51-51255,6.0,2.0,2,0.0
782,3,0.0,N,1,1.0,2,06-07502,6.0,2.0,2,100.0
783,11,0.0,10,1,1.0,4,51-51255,6.0,2.0,9,0.0
784,7,0.0,15,1,1.0,4,19-01700,6.0,2.0,3,0.0
785,10,0.0,16,1,1.0,5,51-01301,6.0,2.0,9,0.0
786,12,0.0,N,1,1.0,6,24-01004,6.0,2.0,0,0.0
787,10,0.0,10,1,1.0,8,06-07502,6.0,2.0,9,0.0
788,9,0.0,6,1,1.0,9,06-07502,6.0,2.0,5,0.0
789,9,0.0,10,1,1.0,9,51-01301,6.0,2.0,1,0.0
790,9,0.0,10,1,1.0,9,26-02702,6.0,2.0,1,0.0
791,11,0.0,N,1,1.0,9,51-51255,6.0,2.0,7,0.0
792,12,0.0,12,1,1.0,9,24-01004,6.0,2.0,9,100.0
793,7,0.0,N,1,1.0,9,08-00803,6.0,2.0,1,0.0
794,7,0.0,N,1,1.0,9,24-01004,6.0,2.0,1,0.0
795,10,0.0,14,1,2.0,0,06-07502,6.0,2.0,8,0.0
796,9,0.0,6,1,2.0,0,06-07502,6.0,2.0,5,0.0
797,9,0.0,N,1,2.0,0,08-00803,6.0,2.0,0,100.0
798,11,0.0,15,1,2.0,1,24-01004,6.0,2.0,7,0.0
799,7,0.0,N,1,2.0,1,51-01301,6.0,2.0,0,0.0
800,9,0.0,6,1,2.0,2,24-01004,6.0,2.0,1,0.0
801,7,0.0,12,1,2.0,4,06-07502,6.0,2.0,6,0.0
802,7,0.0,4,1,2.0,4,19-01700,6.0,2.0,0,0.0
803,5,0.0,14,1,2.0,5,06-07502,6.0,2.0,6,0.0
804,10,0.0,9,1,2.0,6,06-08507,6.0,2.0,1,0.0
805,8,0.0,N,1,2.0,6,24-01004,6.0,2.0,0,0.0
806,4,0.0,4,1,2.0,6,06-07502,6.0,2.0,3,0.0
807,12,0.0,16,1,2.0,7,24-01004,6.0,2.0,9,0.0
808,12,0.0,12,1,2.0,8,26-02702,6.0,2.0,4,0.0
809,9,0.0,10,1,2.0,9,51-51255,6.0,2.0,2,0.0
810,11,0.0,10,1,2.0,9,06-07502,6.0,2.0,0,0.0
811,4,4.0,N,1,1.0,0,32-00405,8.0,2.0,0,100.0
812,5,1.0,N,1,2.0,1,32-00405,8.0,2.0,0,0.0
813,4,1.0,14,1,2.0,3,32-00405,8.0,2.0,5,0.0
814,5,1.0,12,1,2.0,4,32-00405,8.0,2.0,0,0.0
815,5,0.0,N,1,1.0,1,40-00200,9.0,2.0,3,0.0
816,10,0.0,11,1,1.0,2,06-08507,9.0,2.0,6,0.0
817,7,0.0,14,1,1.0,2,19-01700,9.0,2.0,4,0.0
818,5,0.0,15,1,1.0,5,38-00100,9.0,2.0,7,0.0
819,7,0.0,N,1,1.0,6,30-00600,9.0,2.0,0,0.0
820,10,0.0,10,1,1.0,7,17-03529,9.0,2.0,8,0.0
821,10,0.0,10,1,2.0,2,24-01004,9.0,2.0,8,0.0
822,7,0.0,N,1,2.0,3,38-00100,9.0,2.0,2,0.0
823,10,0.0,11,1,2.0,5,24-01004,9.0,2.0,3,0.0
824,9,0.0,N,1,2.0,7,24-01004,9.0,2.0,0,0.0
825,5,0.0,N,1,2.0,7,40-00200,9.0,2.0,1,0.0
826,7,0.0,12,1,2.0,7,32-00405,9.0,2.0,5,0.0
827,7,0.0,N,2,0.0,2,32-00405,1.0,2.0,2,100.0
828,9,0.0,N,2,1.0,4,51-01301,1.0,2.0,9,0.0
829,7,0.0,N,2,1.0,7,19-01700,1.0,2.0,5,0.0
830,7,0.0,10,2,1.0,8,38-00100,1.0,2.0,1,0.0
831,10,0.0,10,2,2.0,2,08-00803,1.0,2.0,9,0.0
832,4,0.0,N,2,1.0,0,19-01700,2.0,2.0,3,0.0
833,10,0.0,9,2,1.0,2,17-03529,2.0,2.0,8,0.0
834,5,0.0,N,2,1.0,4,17-03531,2.0,2.0,0,0.0
835,1,0.0,N,2,2.0,0,17-03529,2.0,2.0,2,0.0
836,6,0.0,N,2,2.0,0,36-03710,2.0,2.0,0,100.0
837,5,0.0,7,2,2.0,1,36-04010,2.0,2.0,6,0.0
838,4,0.0,N,2,2.0,7,17-03529,2.0,2.0,0,0.0
839,7,0.0,N,3,0.0,2,40-00200,1.0,2.0,2,100.0
840,3,0.0,N,3,0.0,3,40-00200,1.0,2.0,3,100.0
841,9,0.0,N,3,1.0,0,29-01901,1.0,2.0,9,0.0
842,10,0.0,16,3,1.0,1,24-01004,1.0,2.0,9,0.0
843,7,0.0,N,3,1.0,2,51-01301,1.0,2.0,7,0.0
844,9,0.0,10,3,1.0,4,06-08507,1.0,2.0,4,100.0
845,3,0.0,N,3,1.0,4,30-00600,1.0,2.0,3,0.0
846,7,0.0,0,3,1.0,4,30-00600,1.0,2.0,9,0.0
847,7,0.0,11,3,1.0,4,40-00200,1.0,2.0,7,0.0
848,8,0.0,N,3,1.0,5,19-01700,1.0,2.0,3,0.0
849,4,0.0,N,3,1.0,5,32-00405,1.0,2.0,2,0.0
850,5,0.0,N,3,1.0,5,06-07502,1.0,2.0,9,0.0
851,5,0.0,16,3,1.0,5,30-00600,1.0,2.0,3,0.0
852,7,0.0,6,3,1.0,6,30-00600,1.0,2.0,4,0.0
853,12,0.0,N,3,1.0,7,06-08507,1.0,2.0,8,0.0
854,12,0.0,N,3,1.0,7,08-00803,1.0,2.0,9,0.0
855,12,0.0,11,3,1.0,7,24-01004,1.0,2.0,9,0.0
856,5,0.0,6,3,1.0,7,38-00100,1.0,2.0,2,0.0
857,5,0.0,11,3,1.0,7,38-00100,1.0,2.0,8,0.0
858,12,0.0,12,3,1.0,8,24-01004,1.0,2.0,4,0.0
859,10,0.0,12,3,1.0,9,24-01004,1.0,2.0,9,100.0
860,7,0.0,N,3,1.0,9,26-02702,1.0,2.0,7,0.0
861,5,0.0,6,3,2.0,1,30-00600,1.0,2.0,4,0.0
862,10,0.0,N,3,2.0,2,29-01901,1.0,2.0,3,0.0
863,7,0.0,N,3,2.0,3,32-00405,1.0,2.0,5,0.0
864,5,0.0,11,3,2.0,4,40-00200,1.0,2.0,7,0.0
865,5,0.0,6,3,2.0,6,38-00100,1.0,2.0,4,0.0
866,7,0.0,11,3,2.0,8,24-01004,1.0,2.0,3,0.0
867,9,0.0,9,3,2.0,9,51-51255,1.0,2.0,8,0.0
868,7,0.0,N,3,2.0,9,06-08507,1.0,2.0,0,0.0
869,9,0.0,N,3,0.0,5,01-01301,2.0,2.0,3,0.0
870,9,0.0,N,3,1.0,0,17-03529,2.0,2.0,5,0.0
871,7,0.0,N,3,1.0,2,17-03529,2.0,2.0,3,0.0
872,5,0.0,12,3,1.0,5,36-04010,2.0,2.0,6,0.0
873,10,0.0,N,3,1.0,7,51-01301,2.0,2.0,7,100.0
874,10,0.0,11,3,1.0,8,17-03529,2.0,2.0,9,0.0
875,10,0.0,11,3,1.0,9,24-01004,2.0,2.0,9,100.0
876,3,0.0,N,3,2.0,2,51-51255,2.0,2.0,1,0.0
877,1,0.0,N,3,2.0,3,13-04600,2.0,2.0,2,0.0
878,7,0.0,N,3,2.0,3,13-04600,2.0,2.0,2,0.0
879,9,0.0,N,3,2.0,4,13-04600,2.0,2.0,6,0.0
880,9,0.0,12,3,2.0,5,36-04010,2.0,2.0,6,0.0
881,10,0.0,N,3,1.0,8,51-01301,6.0,2.0,8,100.0
882,7,0.0,N,3,1.0,8,24-01004,6.0,2.0,2,0.0
883,10,0.0,12,3,1.0,9,06-08507,6.0,2.0,9,100.0
884,7,0.0,N,3,2.0,9,51-51255,6.0,2.0,0,0.0
885,5,0.0,N,4,0.0,0,19-01700,1.0,2.0,0,100.0
886,7,0.0,N,4,0.0,6,08-00803,1.0,2.0,3,0.0
887,8,0.0,N,4,1.0,0,30-00600,1.0,2.0,3,0.0
888,9,0.0,10,4,1.0,0,06-07502,1.0,2.0,9,0.0
889,11,0.0,10,4,1.0,0,17-03529,1.0,2.0,9,0.0
890,4,0.0,N,4,1.0,0,40-00200,1.0,2.0,3,0.0
891,7,0.0,0,4,1.0,2,30-00600,1.0,2.0,3,0.0
892,7,0.0,N,4,1.0,2,24-01004,1.0,2.0,3,0.0
893,10,0.0,10,4,1.0,3,13-04600,1.0,2.0,8,0.0
894,8,0.0,N,4,1.0,4,24-01004,1.0,2.0,4,100.0
895,8,0.0,15,4,1.0,5,30-00600,1.0,2.0,5,100.0
896,8,0.0,4,4,1.0,5,38-00100,1.0,2.0,0,0.0
897,9,0.0,14,4,1.0,5,19-01700,1.0,2.0,8,0.0
898,7,0.0,N,4,1.0,5,32-00405,1.0,2.0,2,0.0
899,5,0.0,6,4,1.0,6,32-00405,1.0,2.0,7,0.0
900,7,0.0,16,4,1.0,6,38-00100,1.0,2.0,6,100.0
901,7,0.0,12,4,1.0,6,40-00200,1.0,2.0,2,0.0
902,7,0.0,N,4,1.0,6,19-01700,1.0,2.0,1,0.0
903,7,4.0,N,4,1.0,6,32-00405,1.0,2.0,4,0.0
904,10,0.0,11,4,1.0,7,06-07502,1.0,2.0,8,0.0
905,10,0.0,N,4,1.0,7,40-00200,1.0,2.0,6,0.0
906,10,0.0,12,4,1.0,7,08-00803,1.0,2.0,6,0.0
907,9,0.0,12,4,1.0,7,51-51255,1.0,2.0,6,0.0
908,10,0.0,16,4,1.0,8,51-01301,1.0,2.0,9,0.0
909,10,0.0,15,4,1.0,8,19-01700,1.0,2.0,8,100.0
910,11,0.0,10,4,1.0,8,24-01004,1.0,2.0,9,0.0
911,5,0.0,12,4,1.0,8,29-01901,1.0,2.0,4,0.0
912,10,0.0,9,4,1.0,9,06-08507,1.0,2.0,8,0.0
913,9,0.0,12,4,1.0,9,38-00100,1.0,2.0,7,0.0
914,9,0.0,12,4,1.0,9,24-01004,1.0,2.0,4,0.0
915,11,0.0,N,4,1.0,9,38-00100,1.0,2.0,5,0.0
916,11,0.0,12,4,1.0,9,08-00803,1.0,2.0,4,0.0
917,12,0.0,11,4,1.0,9,24-01004,1.0,2.0,8,0.0
918,5,0.0,15,4,1.0,9,24-01004,1.0,2.0,1,0.0
919,7,0.0,6,4,1.0,9,30-00600,1.0,2.0,6,0.0
920,7,0.0,15,4,1.0,9,51-51255,1.0,2.0,4,0.0
921,7,0.0,11,4,1.0,9,13-04600,1.0,2.0,8,0.0
922,7,0.0,10,4,2.0,1,06-07502,1.0,2.0,9,0.0
923,6,0.0,N,4,2.0,2,32-00405,1.0,2.0,1,0.0
924,7,0.0,N,4,2.0,2,24-01004,1.0,2.0,3,0.0
925,7,0.0,6,4,2.0,3,30-00600,1.0,2.0,6,0.0
926,7,0.0,N,4,2.0,3,40-00200,1.0,2.0,2,0.0
927,9,0.0,16,4,2.0,4,51-51255,1.0,2.0,7,0.0
928,7,0.0,N,4,2.0,4,28-01100,1.0,2.0,1,0.0
929,10,0.0,N,4,2.0,5,06-07502,1.0,2.0,7,0.0
930,10,0.0,11,4,2.0,5,06-07502,1.0,2.0,8,0.0
931,9,0.0,6,4,2.0,5,29-01901,1.0,2.0,5,100.0
932,9,0.0,14,4,2.0,5,19-01700,1.0,2.0,6,0.0
933,10,0.0,11,4,2.0,6,17-03529,1.0,2.0,5,0.0
934,10,0.0,N,4,2.0,7,28-01100,1.0,2.0,2,0.0
935,8,0.0,N,4,2.0,7,19-01700,1.0,2.0,0,0.0
936,11,0.0,11,4,2.0,7,17-03529,1.0,2.0,8,0.0
937,7,0.0,6,4,2.0,7,40-00200,1.0,2.0,6,0.0
938,7,0.0,N,4,2.0,7,19-01700,1.0,2.0,3,0.0
939,9,0.0,N,4,2.0,8,19-01700,1.0,2.0,4,0.0
940,7,0.0,12,4,2.0,8,40-00200,1.0,2.0,6,0.0
941,7,0.0,11,4,2.0,8,51-01301,1.0,2.0,6,0.0
942,8,0.0,N,4,2.0,9,32-00405,1.0,2.0,9,100.0
943,12,0.0,11,4,2.0,9,24-01004,1.0,2.0,6,0.0
944,7,0.0,N,4,2.0,9,08-00803,1.0,2.0,2,0.0
945,8,0.0,N,4,1.0,0,01-01301,2.0,2.0,3,0.0
946,3,0.0,N,4,1.0,0,29-01901,2.0,2.0,5,0.0
947,3,0.0,N,4,1.0,1,17-03531,2.0,2.0,2,0.0
948,7,0.0,11,4,1.0,2,13-04600,2.0,2.0,6,0.0
949,4,0.0,N,4,1.0,3,01-01301,2.0,2.0,2,0.0
950,5,0.0,10,4,1.0,3,13-04600,2.0,2.0,3,100.0
951,9,0.0,11,4,1.0,4,01-01301,2.0,2.0,8,0.0
952,9,0.0,12,4,1.0,4,28-01100,2.0,2.0,7,0.0
953,7,0.0,4,4,1.0,4,01-01301,2.0,2.0,5,0.0
954,7,0.0,15,4,1.0,4,28-01100,2.0,2.0,5,0.0
955,10,0.0,N,4,1.0,5,36-04010,2.0,2.0,0,0.0
956,9,0.0,N,4,1.0,5,36-04010,2.0,2.0,5,100.0
957,4,0.0,N,4,1.0,5,13-04600,2.0,2.0,4,0.0
958,7,0.0,7,4,1.0,5,13-04600,2.0,2.0,5,100.0
959,9,0.0,11,4,1.0,6,13-04600,2.0,2.0,6,100.0
960,9,0.0,4,4,1.0,8,17-03529,2.0,2.0,9,0.0
961,5,0.0,N,4,1.0,8,28-01100,2.0,2.0,1,0.0
962,7,0.0,13,4,1.0,8,29-01901,2.0,2.0,4,0.0
963,7,0.0,N,4,1.0,8,26-02702,2.0,2.0,5,0.0
964,11,0.0,12,4,1.0,9,17-03529,2.0,2.0,2,0.0
965,5,0.0,10,4,1.0,9,17-03529,2.0,2.0,9,100.0
966,7,0.0,11,4,1.0,9,17-03529,2.0,2.0,2,0.0
967,8,0.0,10,4,2.0,0,36-03710,2.0,2.0,5,0.0
968,9,0.0,N,4,2.0,0,32-00405,2.0,2.0,1,0.0
969,3,0.0,N,4,2.0,0,17-03529,2.0,2.0,2,0.0
970,7,0.0,N,4,2.0,0,32-00405,2.0,2.0,2,0.0
971,7,0.0,N,4,2.0,0,19-01700,2.0,2.0,2,0.0
972,5,0.0,N,4,2.0,1,01-01301,2.0,2.0,3,0.0
973,5,0.0,N,4,2.0,1,32-00405,2.0,2.0,2,0.0
974,7,0.0,N,4,2.0,1,36-03710,2.0,2.0,3,0.0
975,9,0.0,14,4,2.0,2,13-04600,2.0,2.0,4,0.0
976,7,0.0,11,4,2.0,2,17-03529,2.0,2.0,5,0.0
977,4,0.0,12,4,2.0,3,17-03531,2.0,2.0,1,0.0
978,7,0.0,10,4,2.0,3,13-04600,2.0,2.0,3,100.0
979,7,0.0,15,4,2.0,4,36-04010,2.0,2.0,7,0.0
980,10,0.0,4,4,2.0,6,13-04600,2.0,2.0,7,0.0
981,6,0.0,N,4,2.0,7,28-01100,2.0,2.0,3,0.0
982,7,0.0,12,4,2.0,7,29-01901,2.0,2.0,2,0.0
983,9,0.0,N,4,2.0,8,17-03529,2.0,2.0,5,0.0
984,10,0.0,9,4,2.0,9,13-04600,2.0,2.0,8,0.0
985,8,0.0,12,4,2.0,9,36-04010,2.0,2.0,1,0.0
986,9,0.0,14,4,2.0,9,17-03529,2.0,2.0,2,0.0
987,4,0.0,N,4,2.0,0,40-00200,3.0,2.0,3,0.0
988,5,0.0,N,4,1.0,1,51-51255,6.0,2.0,1,100.0
989,10,0.0,6,4,1.0,9,06-08507,6.0,2.0,3,0.0
990,7,0.0,N,4,2.0,3,32-00405,6.0,2.0,1,0.0
991,7,0.0,N,4,1.0,1,40-00200,9.0,2.0,6,0.0
992,7,0.0,14,5,1.0,5,40-00200,1.0,2.0,4,0.0
993,10,0.0,N,5,1.0,0,17-03531,2.0,2.0,7,0.0
994,9,0.0,N,5,1.0,0,01-01301,2.0,2.0,2,0.0
995,7,0.0,16,5,1.0,3,01-01301,2.0,2.0,5,0.0
996,5,0.0,N,5,2.0,0,36-04010,2.0,2.0,2,0.0
997,7,0.0,12,5,2.0,8,17-03529,2.0,2.0,6,0.0
998,9,0.0,11,6,0.0,0,17-03529,1.0,2.0,1,0.0
999,5,0.0,14,6,0.0,0,28-01100,1.0,2.0,0,100.0
1000,10,0.0,N,6,0.0,3,17-03529,1.0,2.0,0,0.0
1001,5,0.0,10,6,0.0,3,32-00405,1.0,2.0,0,0.0
1002,3,0.0,N,6,0.0,4,26-02702,1.0,2.0,3,0.0
1003,7,0.0,N,6,0.0,4,51-01301,1.0,2.0,0,0.0
1004,7,0.0,14,6,0.0,6,06-07502,1.0,2.0,1,0.0
1005,7,0.0,N,6,0.0,6,32-00405,1.0,2.0,0,0.0
1006,9,0.0,6,6,1.0,0,51-51255,1.0,2.0,8,0.0
1007,4,0.0,14,6,1.0,0,51-51255,1.0,2.0,1,0.0
1008,8,0.0,4,6,1.0,1,19-01700,1.0,2.0,4,0.0
1009,9,0.0,12,6,1.0,1,08-00803,1.0,2.0,9,0.0
1010,11,0.0,9,6,1.0,1,51-51255,1.0,2.0,9,0.0
1011,7,0.0,4,6,1.0,1,08-00803,1.0,2.0,3,0.0
1012,10,0.0,9,6,1.0,2,17-03529,1.0,2.0,7,0.0
1013,10,0.0,11,6,1.0,2,26-02702,1.0,2.0,7,0.0
1014,8,0.0,7,6,1.0,2,19-01700,1.0,2.0,5,0.0
1015,4,0.0,14,6,1.0,2,17-03529,1.0,2.0,3,0.0
1016,5,0.0,6,6,1.0,2,19-01700,1.0,2.0,5,0.0
1017,5,4.0,N,6,1.0,2,51-51255,1.0,2.0,0,0.0
1018,7,0.0,7,6,1.0,2,51-51255,1.0,2.0,5,0.0
1019,9,0.0,6,6,1.0,3,08-00803,1.0,2.0,6,0.0
1020,11,0.0,11,6,1.0,3,51-01301,1.0,2.0,7,0.0
1021,4,0.0,14,6,1.0,3,13-04600,1.0,2.0,0,0.0
1022,11,0.0,12,6,1.0,4,17-03529,1.0,2.0,9,0.0
1023,4,0.0,14,6,1.0,4,19-01700,1.0,2.0,0,0.0
1024,5,0.0,9,6,1.0,4,30-00600,1.0,2.0,5,0.0
1025,7,0.0,15,6,1.0,4,19-01700,1.0,2.0,6,0.0
1026,12,0.0,10,6,1.0,5,08-00803,1.0,2.0,9,0.0
1027,6,0.0,12,6,1.0,5,30-00600,1.0,2.0,2,0.0
1028,7,0.0,6,6,1.0,5,08-00803,1.0,2.0,1,0.0
1029,10,0.0,8,6,1.0,6,51-51255,1.0,2.0,9,0.0
1030,10,0.0,9,6,1.0,7,51-01301,1.0,2.0,8,0.0
1031,9,0.0,4,6,1.0,7,06-07502,1.0,2.0,9,0.0
1032,9,0.0,11,6,1.0,7,28-01100,1.0,2.0,2,0.0
1033,9,0.0,9,6,1.0,7,51-01301,1.0,2.0,9,0.0
1034,7,0.0,6,6,1.0,7,06-07502,1.0,2.0,7,100.0
1035,10,0.0,14,6,1.0,8,08-00803,1.0,2.0,7,0.0
1036,5,0.0,6,6,1.0,8,28-01100,1.0,2.0,1,0.0
1037,5,0.0,11,6,1.0,8,24-01004,1.0,2.0,2,0.0
1038,7,0.0,14,6,1.0,8,51-01301,1.0,2.0,7,0.0
1039,10,0.0,4,6,1.0,9,51-51255,1.0,2.0,9,100.0
1040,10,0.0,14,6,1.0,9,51-51255,1.0,2.0,8,0.0
1041,10,0.0,12,6,1.0,9,26-02702,1.0,2.0,8,0.0
1042,9,0.0,8,6,1.0,9,51-01301,1.0,2.0,9,100.0
1043,9,0.0,14,6,1.0,9,17-03529,1.0,2.0,6,0.0
1044,11,0.0,10,6,1.0,9,38-00100,1.0,2.0,9,100.0
1045,5,0.0,7,6,1.0,9,51-51255,1.0,2.0,7,0.0
1046,7,1.0,10,6,1.0,9,13-04600,1.0,2.0,6,0.0
1047,10,0.0,14,6,2.0,0,26-02702,1.0,2.0,2,0.0
1048,9,0.0,11,6,2.0,0,19-01700,1.0,2.0,2,0.0
1049,4,0.0,N,6,2.0,0,29-01901,1.0,2.0,0,100.0
1050,4,0.0,N,6,2.0,0,17-03531,1.0,2.0,0,100.0
1051,4,4.0,N,6,2.0,0,30-00600,1.0,2.0,0,100.0
1052,10,0.0,12,6,2.0,1,30-00600,1.0,2.0,9,0.0
1053,9,0.0,13,6,2.0,1,29-01901,1.0,2.0,0,0.0
1054,12,0.0,10,6,2.0,1,51-51255,1.0,2.0,9,0.0
1055,5,4.0,14,6,2.0,1,36-04010,1.0,2.0,4,0.0
1056,8,0.0,6,6,2.0,2,40-00200,1.0,2.0,2,100.0
1057,8,0.0,6,6,2.0,2,17-03529,1.0,2.0,2,100.0
1058,9,0.0,14,6,2.0,2,19-01700,1.0,2.0,6,0.0
1059,5,0.0,4,6,2.0,2,26-02702,1.0,2.0,1,0.0
1060,5,1.0,N,6,2.0,2,40-00200,1.0,2.0,0,0.0
1061,4,0.0,14,6,2.0,3,51-51255,1.0,2.0,1,0.0
1062,5,0.0,12,6,2.0,3,29-01901,1.0,2.0,1,0.0
1063,5,0.0,14,6,2.0,3,38-00100,1.0,2.0,1,0.0
1064,5,0.0,14,6,2.0,3,17-03529,1.0,2.0,5,0.0
1065,7,0.0,6,6,2.0,3,19-01700,1.0,2.0,2,0.0
1066,9,0.0,11,6,2.0,4,13-04600,1.0,2.0,0,0.0
1067,9,0.0,9,6,2.0,4,19-01700,1.0,2.0,7,0.0
1068,4,1.0,N,6,2.0,4,08-00803,1.0,2.0,0,0.0
1069,6,0.0,10,6,2.0,4,32-00405,1.0,2.0,2,0.0
1070,7,0.0,14,6,2.0,4,28-01100,1.0,2.0,2,0.0
1071,7,0.0,8,6,2.0,4,29-01901,1.0,2.0,3,0.0
1072,9,0.0,9,6,2.0,5,38-00100,1.0,2.0,3,0.0
1073,5,2.0,11,6,2.0,5,36-03710,1.0,2.0,2,0.0
1074,5,2.0,12,6,2.0,5,36-03710,1.0,2.0,4,0.0
1075,7,0.0,6,6,2.0,5,32-00405,1.0,2.0,5,100.0
1076,7,0.0,13,6,2.0,5,38-00100,1.0,2.0,4,0.0
1077,9,0.0,12,6,2.0,6,36-04010,1.0,2.0,0,0.0
1078,9,0.0,12,6,2.0,6,19-01700,1.0,2.0,5,0.0
1079,7,0.0,10,6,2.0,6,19-01700,1.0,2.0,1,0.0
1080,10,0.0,11,6,2.0,7,28-01100,1.0,2.0,8,0.0
1081,10,0.0,9,6,2.0,7,51-01301,1.0,2.0,9,0.0
1082,10,0.0,11,6,2.0,7,06-08507,1.0,2.0,7,100.0
1083,8,0.0,12,6,2.0,7,06-07502,1.0,2.0,5,0.0
1084,7,0.0,11,6,2.0,7,40-00200,1.0,2.0,0,0.0
1085,10,0.0,12,6,2.0,8,28-01100,1.0,2.0,8,100.0
1086,10,0.0,10,6,2.0,8,17-03529,1.0,2.0,5,0.0
1087,8,0.0,14,6,2.0,8,30-00600,1.0,2.0,6,0.0
1088,9,0.0,11,6,2.0,8,28-01100,1.0,2.0,5,0.0
1089,9,0.0,10,6,2.0,8,17-03529,1.0,2.0,6,0.0
1090,9,0.0,16,6,2.0,8,24-01004,1.0,2.0,9,0.0
1091,12,0.0,16,6,2.0,8,51-01301,1.0,2.0,8,100.0
1092,7,0.0,15,6,2.0,8,08-00803,1.0,2.0,1,0.0
1093,10,0.0,5,6,2.0,9,26-02702,1.0,2.0,8,0.0
1094,10,4.0,10,6,2.0,9,24-01004,1.0,2.0,3,0.0
1095,8,0.0,12,6,2.0,9,51-51255,1.0,2.0,6,0.0
1096,9,0.0,4,6,2.0,9,51-01301,1.0,2.0,4,0.0
1097,9,0.0,6,6,2.0,9,51-51255,1.0,2.0,3,0.0
1098,11,0.0,12,6,2.0,9,24-01004,1.0,2.0,9,100.0
1099,5,0.0,9,6,2.0,9,17-03529,1.0,2.0,1,0.0
1100,7,0.0,16,6,2.0,9,30-00600,1.0,2.0,5,0.0
1101,7,0.0,11,6,2.0,9,24-01004,1.0,2.0,1,0.0
1102,4,0.0,N,6,0.0,1,36-04010,2.0,2.0,1,100.0
1103,4,0.0,N,6,0.0,3,13-04600,2.0,2.0,2,0.0
1104,7,0.0,N,6,0.0,6,01-01301,2.0,2.0,0,0.0
1105,7,0.0,7,6,0.0,8,36-03710,2.0,2.0,1,0.0
1106,4,0.0,6,6,1.0,0,01-01301,2.0,2.0,1,0.0
1107,4,0.0,4,6,1.0,0,17-03531,2.0,2.0,2,0.0
1108,5,0.0,11,6,1.0,0,13-04600,2.0,2.0,2,0.0
1109,7,0.0,13,6,1.0,0,13-04600,2.0,2.0,1,0.0
1110,8,0.0,4,6,1.0,1,17-03531,2.0,2.0,6,0.0
1111,9,0.0,6,6,1.0,1,01-01301,2.0,2.0,2,0.0
1112,4,0.0,12,6,1.0,1,29-01901,2.0,2.0,2,0.0
1113,5,0.0,14,6,1.0,1,19-01700,2.0,2.0,1,100.0
1114,10,0.0,10,6,1.0,2,28-01100,2.0,2.0,8,0.0
1115,4,0.0,11,6,1.0,3,24-01004,2.0,2.0,1,0.0
1116,7,0.0,13,6,1.0,3,29-01901,2.0,2.0,7,0.0
1117,7,0.0,14,6,1.0,3,13-04600,2.0,2.0,1,0.0
1118,5,0.0,10,6,1.0,4,01-01301,2.0,2.0,1,0.0
1119,6,0.0,12,6,1.0,4,36-04010,2.0,2.0,8,0.0
1120,9,0.0,12,6,1.0,6,13-04600,2.0,2.0,8,0.0
1121,9,0.0,13,6,1.0,6,17-03531,2.0,2.0,2,0.0
1122,5,0.0,15,6,1.0,6,17-03529,2.0,2.0,8,0.0
1123,7,0.0,12,6,1.0,6,32-00405,2.0,2.0,4,0.0
1124,7,0.0,14,6,1.0,6,32-00405,2.0,2.0,4,0.0
1125,9,0.0,10,6,1.0,7,36-04010,2.0,2.0,9,0.0
1126,10,0.0,9,6,1.0,8,29-01901,2.0,2.0,6,0.0
1127,8,0.0,7,6,1.0,8,17-03531,2.0,2.0,3,0.0
1128,7,0.0,7,6,1.0,8,29-01901,2.0,2.0,3,0.0
1129,9,0.0,12,6,1.0,9,28-01100,2.0,2.0,6,0.0
1130,9,0.0,9,6,1.0,9,51-51255,2.0,2.0,8,0.0
1131,5,0.0,12,6,1.0,9,17-03531,2.0,2.0,3,0.0
1132,7,0.0,6,6,1.0,9,29-01901,2.0,2.0,6,0.0
1133,9,0.0,15,6,2.0,0,36-04010,2.0,2.0,8,0.0
1134,9,0.0,7,6,2.0,0,13-04600,2.0,2.0,7,0.0
1135,9,0.0,6,6,2.0,0,17-03529,2.0,2.0,4,0.0
1136,5,2.0,N,6,2.0,0,36-03710,2.0,2.0,0,100.0
1137,7,0.0,7,6,2.0,0,29-01901,2.0,2.0,6,0.0
1138,1,0.0,14,6,2.0,1,13-04600,2.0,2.0,2,0.0
1139,10,0.0,11,6,2.0,1,24-01004,2.0,2.0,6,0.0
1140,9,0.0,13,6,2.0,1,17-03531,2.0,2.0,5,0.0
1141,7,4.0,10,6,2.0,1,36-03710,2.0,2.0,2,0.0
1142,4,0.0,6,6,2.0,2,36-04010,2.0,2.0,1,0.0
1143,5,0.0,11,6,2.0,2,17-03529,2.0,2.0,1,0.0
1144,7,0.0,6,6,2.0,2,01-01301,2.0,2.0,3,0.0
1145,7,0.0,11,6,2.0,2,13-04600,2.0,2.0,4,0.0
1146,10,0.0,13,6,2.0,3,13-04600,2.0,2.0,6,0.0
1147,1,0.0,N,6,2.0,4,29-01901,2.0,2.0,3,0.0
1148,7,0.0,11,6,2.0,4,24-01004,2.0,2.0,7,0.0
1149,8,0.0,14,6,2.0,5,32-00405,2.0,2.0,5,100.0
1150,9,0.0,6,6,2.0,5,01-01301,2.0,2.0,8,0.0
1151,5,0.0,13,6,2.0,5,17-03531,2.0,2.0,4,0.0
1152,7,0.0,13,6,2.0,5,51-51255,2.0,2.0,3,0.0
1153,9,0.0,N,6,2.0,6,32-00405,2.0,2.0,3,0.0
1154,9,0.0,11,6,2.0,6,24-01004,2.0,2.0,5,0.0
1155,7,0.0,9,6,2.0,6,36-03710,2.0,2.0,6,100.0
1156,10,0.0,15,6,2.0,7,17-03529,2.0,2.0,7,100.0
1157,9,0.0,6,6,2.0,7,51-01301,2.0,2.0,4,0.0
1158,9,0.0,11,6,2.0,7,26-02702,2.0,2.0,1,0.0
1159,5,0.0,12,6,2.0,7,08-00803,2.0,2.0,3,0.0
1160,7,0.0,16,6,2.0,7,13-04600,2.0,2.0,6,0.0
1161,10,0.0,N,6,2.0,8,17-03529,2.0,2.0,1,0.0
1162,5,0.0,7,6,2.0,8,36-04010,2.0,2.0,5,0.0
1163,5,0.0,8,6,2.0,8,36-04010,2.0,2.0,6,0.0
1164,5,0.0,10,6,2.0,8,17-03531,2.0,2.0,4,0.0
1165,5,0.0,7,6,2.0,8,26-02702,2.0,2.0,4,0.0
1166,8,0.0,N,6,2.0,9,28-01100,2.0,2.0,2,0.0
1167,9,0.0,10,6,2.0,9,51-51255,2.0,2.0,8,0.0
1168,9,0.0,8,6,2.0,9,17-03529,2.0,2.0,6,0.0
1169,7,0.0,16,6,2.0,9,36-04010,2.0,2.0,2,0.0
1170,3,0.0,N,6,1.0,0,40-00200,3.0,2.0,3,0.0
1171,3,0.0,14,6,1.0,0,40-00200,3.0,2.0,2,0.0
1172,7,0.0,14,6,1.0,6,40-00200,3.0,2.0,0,0.0
1173,7,0.0,N,6,2.0,1,30-00600,3.0,2.0,0,0.0
1174,10,0.0,N,6,2.0,5,40-00200,3.0,2.0,2,0.0
1175,7,0.0,N,6,2.0,5,38-00100,3.0,2.0,1,0.0
1176,7,0.0,11,6,0.0,1,08-00803,6.0,2.0,3,0.0
1177,9,0.0,6,6,1.0,0,06-07502,6.0,2.0,9,0.0
1178,9,0.0,11,6,1.0,0,17-03529,6.0,2.0,6,0.0
1179,4,0.0,11,6,1.0,0,06-08507,6.0,2.0,2,0.0
1180,9,0.0,16,6,1.0,1,51-51255,6.0,2.0,7,0.0
1181,10,0.0,10,6,1.0,4,06-08507,6.0,2.0,8,0.0
1182,9,0.0,12,6,1.0,4,24-01004,6.0,2.0,5,0.0
1183,4,0.0,N,6,1.0,4,32-00405,6.0,2.0,0,0.0
1184,4,0.0,N,6,1.0,5,36-04010,6.0,2.0,0,0.0
1185,10,0.0,10,6,1.0,8,24-01004,6.0,2.0,9,0.0
1186,9,0.0,12,6,1.0,9,08-00803,6.0,2.0,6,0.0
1187,7,0.0,11,6,1.0,9,17-03529,6.0,2.0,1,0.0
1188,7,0.0,N,6,1.0,9,19-01700,6.0,2.0,4,0.0
1189,7,0.0,16,6,1.0,9,24-01004,6.0,2.0,7,0.0
1190,9,0.0,N,6,2.0,1,06-08507,6.0,2.0,0,0.0
1191,4,0.0,12,6,2.0,1,06-07502,6.0,2.0,4,0.0
1192,10,0.0,10,6,2.0,2,06-08507,6.0,2.0,9,0.0
1193,9,0.0,11,6,2.0,2,08-00803,6.0,2.0,3,0.0
1194,9,0.0,N,6,2.0,2,17-03529,6.0,2.0,0,0.0
1195,10,0.0,11,6,2.0,4,24-01004,6.0,2.0,5,0.0
1196,9,0.0,11,6,2.0,4,29-01901,6.0,2.0,0,0.0
1197,5,0.0,6,6,2.0,4,06-08507,6.0,2.0,4,100.0
1198,7,0.0,13,6,2.0,4,26-02702,6.0,2.0,4,100.0
1199,5,0.0,14,6,2.0,5,32-00405,6.0,2.0,3,0.0
1200,10,0.0,6,6,2.0,7,06-07502,6.0,2.0,9,0.0
1201,9,0.0,N,6,2.0,7,51-01301,6.0,2.0,0,0.0
1202,12,0.0,10,6,2.0,7,24-01004,6.0,2.0,8,0.0
1203,4,0.0,N,6,2.0,7,51-01301,6.0,2.0,0,0.0
1204,8,0.0,N,6,2.0,8,06-07502,6.0,2.0,2,0.0
1205,10,0.0,4,6,2.0,9,06-07502,6.0,2.0,8,0.0
1206,12,0.0,10,6,2.0,9,26-02702,6.0,2.0,6,0.0
1207,3,1.0,N,6,1.0,4,32-00405,8.0,2.0,0,0.0
1208,4,1.0,N,6,2.0,0,36-03710,8.0,2.0,0,100.0
1209,7,1.0,N,6,2.0,1,32-00405,8.0,2.0,0,0.0
1210,1,1.0,10,6,2.0,3,32-00405,8.0,2.0,5,0.0
1211,4,0.0,N,6,1.0,0,51-51255,9.0,2.0,1,0.0
1212,8,0.0,N,6,1.0,1,40-00200,9.0,2.0,0,0.0
1213,4,0.0,11,6,1.0,1,06-08507,9.0,2.0,1,100.0
1214,10,0.0,N,6,1.0,2,06-08507,9.0,2.0,0,0.0
1215,7,0.0,14,6,1.0,3,38-00100,9.0,2.0,2,0.0
1216,9,0.0,12,6,2.0,9,24-01004,9.0,2.0,8,0.0
1217,2,4.0,N,N,1.0,N,24-01004,1.0,2.0,N,100.0
1218,3,1.0,N,N,1.0,N,40-00200,1.0,2.0,N,100.0
1219,3,4.0,N,N,1.0,N,32-00405,1.0,2.0,N,100.0
1220,1,4.0,N,N,2.0,N,32-00405,1.0,2.0,N,100.0
1221,N,1.0,N,N,2.0,N,32-00405,1.0,2.0,N,100.0
1222,N,4.0,N,N,2.0,N,36-03710,1.0,2.0,N,100.0
1223,2,0.0,N,N,2.0,N,38-00100,1.0,2.0,N,100.0
1224,1,0.0,N,N,1.0,N,17-03529,2.0,2.0,N,100.0
1225,3,4.0,N,N,1.0,N,36-04010,2.0,2.0,N,100.0
1226,3,4.0,N,N,2.0,N,36-03710,2.0,2.0,N,100.0
1227,4,0.0,N,N,2.0,N,01-01301,2.0,2.0,N,100.0
1228,2,0.0,N,N,1.0,N,38-00100,3.0,2.0,N,100.0
1229,2,0.0,N,N,2.0,N,38-00100,3.0,2.0,N,100.0
1230,1,0.0,N,N,1.0,N,51-01301,6.0,2.0,N,100.0
1231,2,0.0,N,N,2.0,N,51-01301,6.0,2.0,N,100.0
1232,2,0.0,N,N,2.0,N,08-00803,6.0,2.0,N,100.0
1233,1,4.0,N,N,1.0,N,32-00405,8.0,2.0,N,100.0
1234,N,1.0,N,N,2.0,N,32-00405,8.0,2.0,N,100.0
1235,1,0.0,N,N,1.0,N,51-01301,9.0,2.0,N,100.0
1236,1,0.0,N,N,1.0,N,51-51255,9.0,2.0,N,100.0
1237,N,0.0,N,N,1.0,N,40-00200,9.0,2.0,N,100.0
1238,2,0.0,N,N,1.0,N,40-00200,9.0,2.0,N,100.0
1239,2,0.0,N,N,1.0,N,51-01301,9.0,2.0,N,100.0
1240,2,0.0,N,N,1.0,N,26-02702,9.0,2.0,N,100.0
1241,1,2.0,N,N,2.0,N,24-01004,9.0,2.0,N,100.0
1242,N,0.0,N,N,2.0,N,06-08507,9.0,2.0,N,100.0
1243,3,0.0,N,N,2.0,N,24-01004,9.0,2.0,N,100.0
